depth_mode,family,instance,ppd,n_vars,n_clauses,depth,ok_trails,n_probes,up_mean,up_max,up_p90,log_n
d=20,flat30-60,flat30-1.cnf,4.4444,90,300,20,1,72,17.055555555555557,33.0,29.0,4.499809670330265
d=20,flat30-60,flat30-15.cnf,2.8667,90,300,20,2,148,20.283783783783782,35.0,31.0,4.499809670330265
d=20,flat30-60,flat30-16.cnf,4.0,90,300,20,1,76,14.526315789473685,30.0,23.0,4.499809670330265
d=20,flat30-60,flat30-18.cnf,9.4667,90,300,20,2,140,15.785714285714286,36.0,27.0,4.499809670330265
d=20,flat30-60,flat30-2.cnf,4.4167,90,300,20,1,60,20.7,28.0,25.200000000000003,4.499809670330265
d=20,flat30-60,flat30-20.cnf,4.7692,90,300,20,2,164,21.091463414634145,36.0,34.0,4.499809670330265
d=20,flat30-60,flat30-23.cnf,6.3,90,300,20,1,76,15.68421052631579,31.0,25.0,4.499809670330265
d=20,flat30-60,flat30-27.cnf,8.3,90,300,20,1,84,17.916666666666668,31.0,27.700000000000003,4.499809670330265
d=20,flat30-60,flat30-30.cnf,3.5455,90,300,20,2,132,16.242424242424242,29.0,25.0,4.499809670330265
d=20,flat50-115,flat50-1.cnf,13.0952,150,545,20,3,360,24.369444444444444,63.0,44.0,5.0106352940962555
d=20,flat50-115,flat50-10.cnf,12.0769,150,545,20,2,120,21.958333333333332,44.0,39.0,5.0106352940962555
d=20,flat50-115,flat50-100.cnf,11.6667,150,545,20,3,360,26.261111111111113,59.0,48.0,5.0106352940962555
d=20,flat50-115,flat50-1000.cnf,8.0,150,545,20,2,240,25.2125,53.0,42.0,5.0106352940962555
d=20,flat50-115,flat50-101.cnf,6.3529,150,545,20,2,240,22.108333333333334,71.0,44.0,5.0106352940962555
d=20,flat50-115,flat50-102.cnf,14.8947,150,545,20,3,360,27.830555555555556,71.0,49.0,5.0106352940962555
d=20,flat50-115,flat50-103.cnf,8.3,150,545,20,2,240,25.291666666666668,66.0,46.099999999999994,5.0106352940962555
d=20,flat50-115,flat50-104.cnf,15.5714,150,545,20,2,236,26.66949152542373,58.0,44.0,5.0106352940962555
d=20,flat50-115,flat50-105.cnf,15.8235,150,545,20,2,240,25.454166666666666,61.0,50.0,5.0106352940962555
d=20,flat50-115,flat50-106.cnf,6.5625,150,545,20,1,120,27.5,70.0,55.0,5.0106352940962555
d=20,flat50-115,flat50-107.cnf,12.2778,150,545,20,2,240,27.054166666666667,57.0,47.0,5.0106352940962555
d=20,flat50-115,flat50-108.cnf,7.875,150,545,20,3,360,26.852777777777778,61.0,46.0,5.0106352940962555
d=20,flat50-115,flat50-109.cnf,15.5,150,545,20,3,360,23.627777777777776,58.0,45.0,5.0106352940962555
d=20,flat50-115,flat50-11.cnf,8.8333,150,545,20,1,120,23.325,62.0,46.0,5.0106352940962555
d=20,flat50-115,flat50-110.cnf,9.1,150,545,20,2,240,23.754166666666666,60.0,43.19999999999999,5.0106352940962555
d=20,flat50-115,flat50-111.cnf,13.4375,150,545,20,3,360,26.458333333333332,63.0,45.0,5.0106352940962555
d=20,flat50-115,flat50-112.cnf,9.0667,150,545,20,2,240,31.766666666666666,82.0,54.0,5.0106352940962555
d=20,flat50-115,flat50-113.cnf,11.6364,150,545,20,2,236,26.635593220338983,66.0,45.0,5.0106352940962555
d=20,flat50-115,flat50-114.cnf,12.3333,150,545,20,2,240,27.395833333333332,58.0,43.0,5.0106352940962555
d=20,flat50-115,flat50-115.cnf,7.8462,150,545,20,3,244,26.639344262295083,58.0,48.0,5.0106352940962555
d=20,flat50-115,flat50-116.cnf,6.2143,150,545,20,2,208,23.870192307692307,54.0,45.200000000000045,5.0106352940962555
d=20,flat50-115,flat50-117.cnf,9.9091,150,545,20,3,360,21.258333333333333,51.0,38.0,5.0106352940962555
d=20,flat50-115,flat50-118.cnf,16.6842,150,545,20,3,360,25.372222222222224,64.0,45.0,5.0106352940962555
d=20,flat50-115,flat50-119.cnf,7.5625,150,545,20,3,340,22.4,55.0,39.0,5.0106352940962555
d=20,flat50-115,flat50-12.cnf,7.6471,150,545,20,2,236,25.805084745762713,61.0,41.5,5.0106352940962555
d=20,uf100-430,uf100-01.cnf,19.1297,100,430,20,3,360,13.047222222222222,40.0,31.0,4.605170185988092
d=20,uf100-430,uf100-010.cnf,17.5825,100,430,20,3,354,13.293785310734464,38.0,27.0,4.605170185988092
d=20,uf100-430,uf100-0100.cnf,9.8049,100,430,20,3,336,13.083333333333334,38.0,23.5,4.605170185988092
d=20,uf100-430,uf100-01000.cnf,21.1642,100,430,20,3,360,12.875,50.0,34.0,4.605170185988092
d=20,uf100-430,uf100-0101.cnf,18.4717,100,430,20,3,338,13.65680473372781,40.0,28.0,4.605170185988092
d=20,uf100-430,uf100-0102.cnf,18.7266,100,430,20,3,360,13.575,44.0,27.0,4.605170185988092
d=20,uf100-430,uf100-0103.cnf,14.8438,100,430,20,3,354,11.045197740112995,54.0,24.0,4.605170185988092
d=20,uf100-430,uf100-0104.cnf,18.0636,100,430,20,3,342,13.722222222222221,49.0,30.0,4.605170185988092
d=20,uf100-430,uf100-0105.cnf,18.5957,100,430,20,3,360,11.158333333333333,38.0,26.0,4.605170185988092
d=20,uf100-430,uf100-0106.cnf,18.1053,100,430,20,3,342,13.08187134502924,41.0,26.0,4.605170185988092
d=20,uf100-430,uf100-0107.cnf,16.7705,100,430,20,3,340,14.720588235294118,47.0,32.0,4.605170185988092
d=20,uf100-430,uf100-0108.cnf,18.3163,100,430,20,3,350,14.025714285714285,41.0,28.0,4.605170185988092
d=20,uf100-430,uf100-0109.cnf,17.7046,100,430,20,3,358,13.460893854748603,47.0,27.0,4.605170185988092
d=20,uf100-430,uf100-011.cnf,19.2845,100,430,20,3,354,13.203389830508474,51.0,28.0,4.605170185988092
d=20,uf100-430,uf100-0110.cnf,18.047,100,430,20,3,360,14.036111111111111,40.0,26.0,4.605170185988092
d=20,uf100-430,uf100-0111.cnf,16.1007,100,430,20,3,302,13.241721854304636,35.0,23.0,4.605170185988092
d=20,uf100-430,uf100-0112.cnf,8.0938,100,430,20,3,360,15.183333333333334,56.0,32.0,4.605170185988092
d=20,uf100-430,uf100-0113.cnf,18.967,100,430,20,3,358,11.815642458100559,44.0,24.0,4.605170185988092
d=20,uf100-430,uf100-0114.cnf,19.2626,100,430,20,3,360,14.51388888888889,42.0,30.0,4.605170185988092
d=20,uf100-430,uf100-0115.cnf,17.3442,100,430,20,3,360,13.308333333333334,46.0,29.0,4.605170185988092
d=20,uf100-430,uf100-0116.cnf,12.75,100,430,20,3,354,13.268361581920903,41.0,25.0,4.605170185988092
d=20,uf100-430,uf100-0117.cnf,17.3574,100,430,20,3,360,15.294444444444444,45.0,30.0,4.605170185988092
d=20,uf100-430,uf100-0118.cnf,16.6667,100,430,20,3,360,13.8,43.0,27.0,4.605170185988092
d=20,uf100-430,uf100-0119.cnf,17.9917,100,430,20,3,350,14.474285714285715,41.0,27.0,4.605170185988092
d=20,uf100-430,uf100-012.cnf,17.3404,100,430,20,3,342,12.470760233918128,36.0,25.0,4.605170185988092
d=20,uf150-645,uf150-01.cnf,23.3591,150,645,20,3,360,14.436111111111112,69.0,39.0,5.0106352940962555
d=20,uf150-645,uf150-010.cnf,24.7182,150,645,20,3,360,11.644444444444444,61.0,39.0,5.0106352940962555
d=20,uf150-645,uf150-0100.cnf,25.898,150,645,20,3,360,15.980555555555556,65.0,44.10000000000002,5.0106352940962555
d=20,uf150-645,uf150-011.cnf,24.9064,150,645,20,3,360,15.713888888888889,66.0,43.0,5.0106352940962555
d=20,uf150-645,uf150-012.cnf,24.3324,150,645,20,3,360,12.347222222222221,72.0,37.0,5.0106352940962555
d=20,uf150-645,uf150-013.cnf,18.2207,150,645,20,3,360,14.480555555555556,71.0,42.10000000000002,5.0106352940962555
d=20,uf150-645,uf150-014.cnf,24.7842,150,645,20,3,360,14.725,67.0,36.0,5.0106352940962555
d=20,uf150-645,uf150-015.cnf,26.0333,150,645,20,3,360,13.325,73.0,41.10000000000002,5.0106352940962555
d=20,uf150-645,uf150-016.cnf,19.1847,150,645,20,3,360,16.88888888888889,67.0,43.0,5.0106352940962555
d=20,uf150-645,uf150-017.cnf,19.0357,150,645,20,3,360,11.008333333333333,79.0,31.100000000000023,5.0106352940962555
d=20,uf150-645,uf150-018.cnf,26.6673,150,645,20,3,360,12.702777777777778,68.0,37.10000000000002,5.0106352940962555
d=20,uf150-645,uf150-019.cnf,22.312,150,645,20,3,360,12.055555555555555,69.0,34.0,5.0106352940962555
d=20,uf150-645,uf150-02.cnf,24.886,150,645,20,3,360,8.911111111111111,78.0,37.10000000000002,5.0106352940962555
d=20,uf150-645,uf150-020.cnf,23.8826,150,645,20,3,360,15.05,61.0,41.0,5.0106352940962555
d=20,uf150-645,uf150-021.cnf,22.549,150,645,20,3,360,11.741666666666667,57.0,34.0,5.0106352940962555
d=20,uf150-645,uf150-022.cnf,27.6651,150,645,20,3,360,13.08611111111111,82.0,40.10000000000002,5.0106352940962555
d=20,uf150-645,uf150-023.cnf,24.1668,150,645,20,3,360,10.85,86.0,32.10000000000002,5.0106352940962555
d=20,uf150-645,uf150-024.cnf,20.6133,150,645,20,3,360,15.269444444444444,81.0,43.10000000000002,5.0106352940962555
d=20,uf150-645,uf150-025.cnf,24.6749,150,645,20,3,360,11.272222222222222,76.0,35.0,5.0106352940962555
d=20,uf150-645,uf150-026.cnf,24.1832,150,645,20,3,360,11.841666666666667,66.0,33.0,5.0106352940962555
d=20,uf150-645,uf150-027.cnf,25.0954,150,645,20,3,360,10.688888888888888,67.0,33.0,5.0106352940962555
d=20,uf150-645,uf150-028.cnf,24.7624,150,645,20,3,360,15.175,69.0,42.10000000000002,5.0106352940962555
d=20,uf150-645,uf150-029.cnf,25.0141,150,645,20,3,360,12.627777777777778,60.0,37.0,5.0106352940962555
d=20,uf150-645,uf150-03.cnf,26.8825,150,645,20,3,360,13.713888888888889,67.0,37.0,5.0106352940962555
d=20,uf150-645,uf150-030.cnf,19.314,150,645,20,3,360,16.291666666666668,65.0,41.10000000000002,5.0106352940962555
d=20,uf50-218,uf50-01.cnf,9.8182,50,218,20,2,94,8.446808510638299,20.0,15.0,3.912023005428146
d=20,uf50-218,uf50-010.cnf,10.2203,50,218,20,1,44,10.818181818181818,19.0,18.700000000000003,3.912023005428146
d=20,uf50-218,uf50-0100.cnf,11.9231,50,218,20,3,138,9.731884057971014,23.0,17.299999999999997,3.912023005428146
d=20,uf50-218,uf50-01000.cnf,13.8621,50,218,20,2,82,8.28048780487805,16.0,13.0,3.912023005428146
d=20,uf50-218,uf50-0101.cnf,10.098,50,218,20,3,134,9.73134328358209,18.0,14.0,3.912023005428146
d=20,uf50-218,uf50-0102.cnf,12.8842,50,218,20,1,38,7.7631578947368425,15.0,13.300000000000004,3.912023005428146
d=20,uf50-218,uf50-0103.cnf,7.875,50,218,20,2,88,9.125,19.0,15.299999999999997,3.912023005428146
d=20,uf50-218,uf50-0105.cnf,10.0698,50,218,20,2,92,9.0,17.0,13.900000000000006,3.912023005428146
d=20,uf50-218,uf50-0106.cnf,8.1429,50,218,20,2,92,11.043478260869565,23.0,17.900000000000006,3.912023005428146
d=20,uf50-218,uf50-0107.cnf,11.4333,50,218,20,1,40,7.125,12.0,11.100000000000001,3.912023005428146
d=20,uf50-218,uf50-0108.cnf,7.1071,50,218,20,2,94,8.329787234042554,17.0,13.700000000000003,3.912023005428146
d=20,uf50-218,uf50-0109.cnf,10.6444,50,218,20,3,140,8.25,19.0,13.0,3.912023005428146
d=20,uf50-218,uf50-011.cnf,9.0,50,218,20,2,96,9.354166666666666,17.0,14.0,3.912023005428146
d=20,uf50-218,uf50-0110.cnf,9.4483,50,218,20,1,44,9.318181818181818,17.0,13.700000000000003,3.912023005428146
d=20,uf50-218,uf50-0111.cnf,12.7541,50,218,20,2,108,11.712962962962964,22.0,18.0,3.912023005428146
d=20,uf50-218,uf50-0112.cnf,9.0,50,218,20,1,44,9.045454545454545,17.0,13.700000000000003,3.912023005428146
d=20,uf50-218,uf50-0113.cnf,4.0833,50,218,20,1,48,7.520833333333333,19.0,13.0,3.912023005428146
d=20,uf50-218,uf50-0115.cnf,4.3636,50,218,20,2,98,9.10204081632653,18.0,15.0,3.912023005428146
d=20,uf50-218,uf50-0116.cnf,9.2857,50,218,20,1,54,10.037037037037036,20.0,16.700000000000003,3.912023005428146
d=20,uf50-218,uf50-0117.cnf,10.5238,50,218,20,2,82,7.621951219512195,16.0,11.0,3.912023005428146
d=20,uf50-218,uf50-0118.cnf,10.7353,50,218,20,1,36,8.083333333333334,14.0,13.5,3.912023005428146
d=20,uf50-218,uf50-012.cnf,10.6765,50,218,20,2,30,5.066666666666666,11.0,9.100000000000001,3.912023005428146
d=20,uuf50-218,uuf50-0100.cnf,10.1719,50,218,20,2,100,8.95,18.0,14.0,3.912023005428146
d=20,uuf50-218,uuf50-0101.cnf,12.4545,50,218,20,1,56,10.339285714285714,21.0,17.5,3.912023005428146
d=20,uuf50-218,uuf50-0105.cnf,13.4697,50,218,20,1,46,10.152173913043478,20.0,17.5,3.912023005428146
d=20,uuf50-218,uuf50-0106.cnf,12.4949,50,218,20,2,108,9.074074074074074,21.0,16.0,3.912023005428146
d=20,uuf50-218,uuf50-0107.cnf,11.9882,50,218,20,3,150,8.493333333333334,20.0,15.0,3.912023005428146
d=20,uuf50-218,uuf50-0109.cnf,12.3404,50,218,20,3,152,8.703947368421053,22.0,15.0,3.912023005428146
d=20,uuf50-218,uuf50-0110.cnf,13.7901,50,218,20,2,98,9.040816326530612,19.0,14.0,3.912023005428146
d=20,uuf50-218,uuf50-0111.cnf,11.7656,50,218,20,1,56,9.660714285714286,20.0,18.0,3.912023005428146
d=20,uuf50-218,uuf50-0112.cnf,11.8072,50,218,20,1,54,11.074074074074074,22.0,18.0,3.912023005428146
d=20,uuf50-218,uuf50-0113.cnf,13.5227,50,218,20,1,48,9.479166666666666,21.0,16.0,3.912023005428146
d=20,uuf50-218,uuf50-0114.cnf,10.949,50,218,20,3,148,10.08108108108108,21.0,16.0,3.912023005428146
d=20,uuf50-218,uuf50-0115.cnf,12.7234,50,218,20,3,144,8.791666666666666,18.0,14.700000000000017,3.912023005428146
d=20,uuf50-218,uuf50-0116.cnf,12.2949,50,218,20,2,108,10.962962962962964,22.0,17.0,3.912023005428146
d=20,uuf50-218,uuf50-0118.cnf,13.2769,50,218,20,2,88,9.227272727272727,17.0,14.0,3.912023005428146
d=20,uuf50-218,uuf50-0119.cnf,13.0357,50,218,20,1,48,8.854166666666666,19.0,14.300000000000004,3.912023005428146
d=20,uuf50-218,uuf50-012.cnf,11.4219,50,218,20,1,46,6.021739130434782,17.0,10.0,3.912023005428146
d=0.2n,flat30-60,flat30-1.cnf,4.4444,90,300,18,1,76,17.07894736842105,34.0,30.0,4.499809670330265
d=0.2n,flat30-60,flat30-15.cnf,2.8667,90,300,18,2,168,20.321428571428573,41.0,34.0,4.499809670330265
d=0.2n,flat30-60,flat30-16.cnf,4.0,90,300,18,2,76,14.526315789473685,30.0,23.0,4.499809670330265
d=0.2n,flat30-60,flat30-18.cnf,9.4667,90,300,18,2,156,15.576923076923077,32.0,29.5,4.499809670330265
d=0.2n,flat30-60,flat30-2.cnf,4.4167,90,300,18,2,120,19.6,28.0,27.0,4.499809670330265
d=0.2n,flat30-60,flat30-20.cnf,4.7692,90,300,18,2,176,20.636363636363637,39.0,35.0,4.499809670330265
d=0.2n,flat30-60,flat30-21.cnf,4.7,90,300,18,2,164,16.329268292682926,35.0,28.0,4.499809670330265
d=0.2n,flat30-60,flat30-22.cnf,5.2,90,300,18,1,68,20.0,33.0,32.0,4.499809670330265
d=0.2n,flat30-60,flat30-23.cnf,6.3,90,300,18,1,90,14.177777777777777,28.0,21.0,4.499809670330265
d=0.2n,flat30-60,flat30-24.cnf,5.8333,90,300,18,1,70,18.5,30.0,28.0,4.499809670330265
d=0.2n,flat30-60,flat30-25.cnf,7.4545,90,300,18,2,176,19.53409090909091,40.0,30.5,4.499809670330265
d=0.2n,flat30-60,flat30-27.cnf,8.3,90,300,18,1,90,17.511111111111113,33.0,28.0,4.499809670330265
d=0.2n,flat30-60,flat30-3.cnf,4.7692,90,300,18,1,60,14.933333333333334,20.0,19.1,4.499809670330265
d=0.2n,flat30-60,flat30-30.cnf,3.5455,90,300,18,2,154,16.292207792207794,31.0,28.0,4.499809670330265
d=0.2n,flat50-115,flat50-1.cnf,13.0952,150,545,30,1,120,24.616666666666667,59.0,38.0,5.0106352940962555
d=0.2n,flat50-115,flat50-100.cnf,11.6667,150,545,30,1,120,25.333333333333332,51.0,42.0,5.0106352940962555
d=0.2n,flat50-115,flat50-101.cnf,6.3529,150,545,30,1,120,25.8,46.0,38.10000000000001,5.0106352940962555
d=0.2n,flat50-115,flat50-102.cnf,14.8947,150,545,30,1,120,30.0,56.0,49.0,5.0106352940962555
d=0.2n,flat50-115,flat50-105.cnf,15.8235,150,545,30,1,120,26.116666666666667,51.0,44.0,5.0106352940962555
d=0.2n,flat50-115,flat50-106.cnf,6.5625,150,545,30,1,120,22.55,47.0,37.0,5.0106352940962555
d=0.2n,flat50-115,flat50-109.cnf,15.5,150,545,30,1,120,22.033333333333335,38.0,33.20000000000002,5.0106352940962555
d=0.2n,flat50-115,flat50-111.cnf,13.4375,150,545,30,1,120,27.85,61.0,41.20000000000002,5.0106352940962555
d=0.2n,flat50-115,flat50-112.cnf,9.0667,150,545,30,1,120,26.183333333333334,57.0,43.0,5.0106352940962555
d=0.2n,flat50-115,flat50-113.cnf,11.6364,150,545,30,1,120,27.358333333333334,60.0,38.0,5.0106352940962555
d=0.2n,flat50-115,flat50-117.cnf,9.9091,150,545,30,1,112,22.803571428571427,45.0,34.900000000000006,5.0106352940962555
d=0.2n,flat50-115,flat50-118.cnf,16.6842,150,545,30,2,240,27.8875,54.0,41.0,5.0106352940962555
d=0.2n,uf100-430,uf100-01.cnf,19.1297,100,430,20,3,360,13.047222222222222,40.0,31.0,4.605170185988092
d=0.2n,uf100-430,uf100-010.cnf,17.5825,100,430,20,3,354,13.293785310734464,38.0,27.0,4.605170185988092
d=0.2n,uf100-430,uf100-0100.cnf,9.8049,100,430,20,3,336,13.083333333333334,38.0,23.5,4.605170185988092
d=0.2n,uf100-430,uf100-01000.cnf,21.1642,100,430,20,3,360,12.875,50.0,34.0,4.605170185988092
d=0.2n,uf100-430,uf100-0101.cnf,18.4717,100,430,20,3,338,13.65680473372781,40.0,28.0,4.605170185988092
d=0.2n,uf100-430,uf100-0102.cnf,18.7266,100,430,20,3,360,13.575,44.0,27.0,4.605170185988092
d=0.2n,uf100-430,uf100-0103.cnf,14.8438,100,430,20,3,354,11.045197740112995,54.0,24.0,4.605170185988092
d=0.2n,uf100-430,uf100-0104.cnf,18.0636,100,430,20,3,342,13.722222222222221,49.0,30.0,4.605170185988092
d=0.2n,uf100-430,uf100-0105.cnf,18.5957,100,430,20,3,360,11.158333333333333,38.0,26.0,4.605170185988092
d=0.2n,uf100-430,uf100-0106.cnf,18.1053,100,430,20,3,342,13.08187134502924,41.0,26.0,4.605170185988092
d=0.2n,uf100-430,uf100-0107.cnf,16.7705,100,430,20,3,340,14.720588235294118,47.0,32.0,4.605170185988092
d=0.2n,uf100-430,uf100-0108.cnf,18.3163,100,430,20,3,350,14.025714285714285,41.0,28.0,4.605170185988092
d=0.2n,uf100-430,uf100-0109.cnf,17.7046,100,430,20,3,358,13.460893854748603,47.0,27.0,4.605170185988092
d=0.2n,uf100-430,uf100-011.cnf,19.2845,100,430,20,3,354,13.203389830508474,51.0,28.0,4.605170185988092
d=0.2n,uf100-430,uf100-0110.cnf,18.047,100,430,20,3,360,14.036111111111111,40.0,26.0,4.605170185988092
d=0.2n,uf100-430,uf100-0111.cnf,16.1007,100,430,20,3,302,13.241721854304636,35.0,23.0,4.605170185988092
d=0.2n,uf100-430,uf100-0112.cnf,8.0938,100,430,20,3,360,15.183333333333334,56.0,32.0,4.605170185988092
d=0.2n,uf100-430,uf100-0113.cnf,18.967,100,430,20,3,358,11.815642458100559,44.0,24.0,4.605170185988092
d=0.2n,uf100-430,uf100-0114.cnf,19.2626,100,430,20,3,360,14.51388888888889,42.0,30.0,4.605170185988092
d=0.2n,uf100-430,uf100-0115.cnf,17.3442,100,430,20,3,360,13.308333333333334,46.0,29.0,4.605170185988092
d=0.2n,uf100-430,uf100-0116.cnf,12.75,100,430,20,3,354,13.268361581920903,41.0,25.0,4.605170185988092
d=0.2n,uf100-430,uf100-0117.cnf,17.3574,100,430,20,3,360,15.294444444444444,45.0,30.0,4.605170185988092
d=0.2n,uf100-430,uf100-0118.cnf,16.6667,100,430,20,3,360,13.8,43.0,27.0,4.605170185988092
d=0.2n,uf100-430,uf100-0119.cnf,17.9917,100,430,20,3,350,14.474285714285715,41.0,27.0,4.605170185988092
d=0.2n,uf100-430,uf100-012.cnf,17.3404,100,430,20,3,342,12.470760233918128,36.0,25.0,4.605170185988092
d=0.2n,uf150-645,uf150-01.cnf,23.3591,150,645,30,3,360,14.897222222222222,54.0,31.0,5.0106352940962555
d=0.2n,uf150-645,uf150-010.cnf,24.7182,150,645,30,3,360,16.244444444444444,51.0,34.0,5.0106352940962555
d=0.2n,uf150-645,uf150-0100.cnf,25.898,150,645,30,3,360,18.205555555555556,58.0,36.0,5.0106352940962555
d=0.2n,uf150-645,uf150-011.cnf,24.9064,150,645,30,3,360,18.363888888888887,65.0,38.0,5.0106352940962555
d=0.2n,uf150-645,uf150-012.cnf,24.3324,150,645,30,3,360,20.355555555555554,64.0,40.10000000000002,5.0106352940962555
d=0.2n,uf150-645,uf150-013.cnf,18.2207,150,645,30,3,360,17.975,50.0,37.0,5.0106352940962555
d=0.2n,uf150-645,uf150-014.cnf,24.7842,150,645,30,3,360,17.375,56.0,37.0,5.0106352940962555
d=0.2n,uf150-645,uf150-015.cnf,26.0333,150,645,30,3,360,17.43611111111111,50.0,35.10000000000002,5.0106352940962555
d=0.2n,uf150-645,uf150-016.cnf,19.1847,150,645,30,3,360,18.25,64.0,39.0,5.0106352940962555
d=0.2n,uf150-645,uf150-017.cnf,19.0357,150,645,30,3,360,17.125,53.0,35.0,5.0106352940962555
d=0.2n,uf150-645,uf150-018.cnf,26.6673,150,645,30,3,360,15.338888888888889,57.0,32.0,5.0106352940962555
d=0.2n,uf150-645,uf150-019.cnf,22.312,150,645,30,3,360,18.272222222222222,58.0,38.10000000000002,5.0106352940962555
d=0.2n,uf150-645,uf150-02.cnf,24.886,150,645,30,3,360,15.708333333333334,64.0,35.0,5.0106352940962555
d=0.2n,uf150-645,uf150-020.cnf,23.8826,150,645,30,3,360,17.725,60.0,35.0,5.0106352940962555
d=0.2n,uf150-645,uf150-021.cnf,22.549,150,645,30,3,360,16.82777777777778,70.0,36.0,5.0106352940962555
d=0.2n,uf150-645,uf150-022.cnf,27.6651,150,645,30,3,360,17.636111111111113,57.0,38.0,5.0106352940962555
d=0.2n,uf150-645,uf150-023.cnf,24.1668,150,645,30,3,360,17.141666666666666,59.0,36.0,5.0106352940962555
d=0.2n,uf150-645,uf150-024.cnf,20.6133,150,645,30,3,360,18.494444444444444,52.0,35.0,5.0106352940962555
d=0.2n,uf150-645,uf150-025.cnf,24.6749,150,645,30,3,360,18.397222222222222,72.0,44.0,5.0106352940962555
d=0.2n,uf150-645,uf150-026.cnf,24.1832,150,645,30,3,360,16.272222222222222,45.0,31.0,5.0106352940962555
d=0.2n,uf150-645,uf150-027.cnf,25.0954,150,645,30,3,360,18.038888888888888,60.0,38.0,5.0106352940962555
d=0.2n,uf150-645,uf150-028.cnf,24.7624,150,645,30,3,360,17.625,60.0,36.10000000000002,5.0106352940962555
d=0.2n,uf150-645,uf150-029.cnf,25.0141,150,645,30,3,360,18.780555555555555,49.0,36.0,5.0106352940962555
d=0.2n,uf150-645,uf150-03.cnf,26.8825,150,645,30,3,360,16.955555555555556,49.0,35.0,5.0106352940962555
d=0.2n,uf150-645,uf150-030.cnf,19.314,150,645,30,3,360,18.927777777777777,55.0,37.0,5.0106352940962555
d=0.2n,uf20-91,uf20-01.cnf,5.8,20,91,4,3,86,5.3604651162790695,14.0,12.5,2.995732273553991
d=0.2n,uf20-91,uf20-010.cnf,3.6429,20,91,4,3,82,4.158536585365853,12.0,9.0,2.995732273553991
d=0.2n,uf20-91,uf20-0100.cnf,4.4444,20,91,4,3,90,4.977777777777778,15.0,12.0,2.995732273553991
d=0.2n,uf20-91,uf20-01000.cnf,4.0,20,91,4,3,88,5.045454545454546,14.0,12.0,2.995732273553991
d=0.2n,uf20-91,uf20-0101.cnf,6.5385,20,91,4,3,90,4.611111111111111,13.0,11.0,2.995732273553991
d=0.2n,uf20-91,uf20-0102.cnf,5.6875,20,91,4,3,92,4.510869565217392,13.0,11.0,2.995732273553991
d=0.2n,uf20-91,uf20-0103.cnf,3.75,20,91,4,3,86,5.755813953488372,14.0,11.5,2.995732273553991
d=0.2n,uf20-91,uf20-0104.cnf,4.3529,20,91,4,3,58,5.827586206896552,14.0,11.300000000000004,2.995732273553991
d=0.2n,uf20-91,uf20-0105.cnf,7.0,20,91,4,3,88,6.431818181818182,13.0,12.0,2.995732273553991
d=0.2n,uf20-91,uf20-0106.cnf,4.3846,20,91,4,3,84,6.107142857142857,15.0,10.0,2.995732273553991
d=0.2n,uf20-91,uf20-0107.cnf,5.375,20,91,4,3,86,5.174418604651163,15.0,9.0,2.995732273553991
d=0.2n,uf20-91,uf20-0108.cnf,5.5714,20,91,4,3,84,5.845238095238095,13.0,10.0,2.995732273553991
d=0.2n,uf20-91,uf20-0109.cnf,5.4667,20,91,4,3,90,4.066666666666666,12.0,10.0,2.995732273553991
d=0.2n,uf20-91,uf20-011.cnf,3.3333,20,91,4,3,72,5.458333333333333,11.0,11.0,2.995732273553991
d=0.2n,uf20-91,uf20-0110.cnf,7.1,20,91,4,3,56,3.5357142857142856,10.0,9.5,2.995732273553991
d=0.2n,uf20-91,uf20-0111.cnf,4.5,20,91,4,3,58,3.810344827586207,11.0,9.0,2.995732273553991
d=0.2n,uf20-91,uf20-0112.cnf,3.2667,20,91,4,3,74,4.513513513513513,11.0,9.700000000000003,2.995732273553991
d=0.2n,uf20-91,uf20-0113.cnf,6.5333,20,91,4,3,88,4.931818181818182,13.0,9.0,2.995732273553991
d=0.2n,uf20-91,uf20-0114.cnf,3.6667,20,91,4,3,86,5.116279069767442,13.0,12.0,2.995732273553991
d=0.2n,uf20-91,uf20-0115.cnf,4.25,20,91,4,3,84,6.083333333333333,14.0,14.0,2.995732273553991
d=0.2n,uf20-91,uf20-0116.cnf,3.3333,20,91,4,3,90,6.2555555555555555,14.0,12.0,2.995732273553991
d=0.2n,uf20-91,uf20-0117.cnf,4.1,20,91,4,3,92,5.956521739130435,14.0,12.0,2.995732273553991
d=0.2n,uf20-91,uf20-0118.cnf,4.25,20,91,4,3,60,5.0,12.0,11.0,2.995732273553991
d=0.2n,uf20-91,uf20-0119.cnf,5.4444,20,91,4,3,82,4.975609756097561,14.0,10.0,2.995732273553991
d=0.2n,uf20-91,uf20-012.cnf,4.0,20,91,4,3,78,3.948717948717949,13.0,8.0,2.995732273553991
d=0.2n,uf50-218,uf50-01.cnf,9.8182,50,218,10,3,214,9.261682242990654,29.0,19.700000000000017,3.912023005428146
d=0.2n,uf50-218,uf50-010.cnf,10.2203,50,218,10,3,158,9.215189873417721,23.0,18.0,3.912023005428146
d=0.2n,uf50-218,uf50-0100.cnf,11.9231,50,218,10,3,212,8.11320754716981,31.0,19.0,3.912023005428146
d=0.2n,uf50-218,uf50-01000.cnf,13.8621,50,218,10,3,198,8.297979797979798,25.0,19.0,3.912023005428146
d=0.2n,uf50-218,uf50-0101.cnf,10.098,50,218,10,3,218,9.724770642201834,30.0,21.0,3.912023005428146
d=0.2n,uf50-218,uf50-0102.cnf,12.8842,50,218,10,3,162,9.135802469135802,24.0,16.0,3.912023005428146
d=0.2n,uf50-218,uf50-0103.cnf,7.875,50,218,10,3,144,7.222222222222222,26.0,19.700000000000017,3.912023005428146
d=0.2n,uf50-218,uf50-0104.cnf,10.5972,50,218,10,3,188,9.904255319148936,24.0,18.0,3.912023005428146
d=0.2n,uf50-218,uf50-0105.cnf,10.0698,50,218,10,3,190,10.2,30.0,21.0,3.912023005428146
d=0.2n,uf50-218,uf50-0106.cnf,8.1429,50,218,10,3,212,9.36320754716981,30.0,21.0,3.912023005428146
d=0.2n,uf50-218,uf50-0107.cnf,11.4333,50,218,10,3,180,7.455555555555556,21.0,15.0,3.912023005428146
d=0.2n,uf50-218,uf50-0108.cnf,7.1071,50,218,10,3,208,11.01923076923077,31.0,23.0,3.912023005428146
d=0.2n,uf50-218,uf50-0109.cnf,10.6444,50,218,10,3,220,8.659090909090908,28.0,19.099999999999994,3.912023005428146
d=0.2n,uf50-218,uf50-011.cnf,9.0,50,218,10,3,198,9.555555555555555,27.0,20.30000000000001,3.912023005428146
d=0.2n,uf50-218,uf50-0110.cnf,9.4483,50,218,10,3,196,9.35204081632653,26.0,18.0,3.912023005428146
d=0.2n,uf50-218,uf50-0111.cnf,12.7541,50,218,10,3,208,10.5625,26.0,21.0,3.912023005428146
d=0.2n,uf50-218,uf50-0112.cnf,9.0,50,218,10,3,180,8.877777777777778,24.0,17.099999999999994,3.912023005428146
d=0.2n,uf50-218,uf50-0113.cnf,4.0833,50,218,10,3,188,7.930851063829787,23.0,16.0,3.912023005428146
d=0.2n,uf50-218,uf50-0114.cnf,9.0976,50,218,10,3,212,10.712264150943396,28.0,24.0,3.912023005428146
d=0.2n,uf50-218,uf50-0115.cnf,4.3636,50,218,10,3,206,7.043689320388349,25.0,16.5,3.912023005428146
d=0.2n,uf50-218,uf50-0116.cnf,9.2857,50,218,10,3,202,9.529702970297029,25.0,18.900000000000006,3.912023005428146
d=0.2n,uf50-218,uf50-0117.cnf,10.5238,50,218,10,3,192,9.171875,26.0,20.0,3.912023005428146
d=0.2n,uf50-218,uf50-0118.cnf,10.7353,50,218,10,3,126,7.031746031746032,21.0,16.5,3.912023005428146
d=0.2n,uf50-218,uf50-0119.cnf,12.6429,50,218,10,3,172,9.395348837209303,26.0,20.0,3.912023005428146
d=0.2n,uf50-218,uf50-012.cnf,10.6765,50,218,10,3,154,6.753246753246753,28.0,18.0,3.912023005428146
d=0.2n,uuf50-218,uuf50-01.cnf,12.3529,50,218,10,3,202,9.935643564356436,31.0,20.900000000000006,3.912023005428146
d=0.2n,uuf50-218,uuf50-010.cnf,13.0263,50,218,10,3,200,9.33,25.0,18.0,3.912023005428146
d=0.2n,uuf50-218,uuf50-0100.cnf,10.1719,50,218,10,3,214,9.439252336448599,27.0,20.0,3.912023005428146
d=0.2n,uuf50-218,uuf50-01000.cnf,12.4103,50,218,10,3,196,11.168367346938776,28.0,21.0,3.912023005428146
d=0.2n,uuf50-218,uuf50-0101.cnf,12.4545,50,218,10,3,214,10.355140186915888,31.0,24.0,3.912023005428146
d=0.2n,uuf50-218,uuf50-0102.cnf,11.3448,50,218,10,3,178,9.331460674157304,22.0,17.0,3.912023005428146
d=0.2n,uuf50-218,uuf50-0103.cnf,10.8182,50,218,10,3,212,10.169811320754716,29.0,20.0,3.912023005428146
d=0.2n,uuf50-218,uuf50-0104.cnf,11.25,50,218,10,3,182,9.708791208791208,29.0,21.0,3.912023005428146
d=0.2n,uuf50-218,uuf50-0105.cnf,13.4697,50,218,10,3,202,9.836633663366337,30.0,20.900000000000006,3.912023005428146
d=0.2n,uuf50-218,uuf50-0106.cnf,12.4949,50,218,10,3,220,9.55,33.0,20.0,3.912023005428146
d=0.2n,uuf50-218,uuf50-0107.cnf,11.9882,50,218,10,3,214,8.714953271028037,28.0,20.700000000000017,3.912023005428146
d=0.2n,uuf50-218,uuf50-0108.cnf,11.7778,50,218,10,3,212,8.570754716981131,30.0,20.0,3.912023005428146
d=0.2n,uuf50-218,uuf50-0109.cnf,12.3404,50,218,10,3,220,7.6863636363636365,25.0,17.099999999999994,3.912023005428146
d=0.2n,uuf50-218,uuf50-011.cnf,11.383,50,218,10,3,216,9.356481481481481,29.0,19.0,3.912023005428146
d=0.2n,uuf50-218,uuf50-0110.cnf,13.7901,50,218,10,3,220,10.286363636363637,31.0,23.0,3.912023005428146
d=0.2n,uuf50-218,uuf50-0111.cnf,11.7656,50,218,10,3,198,7.914141414141414,24.0,19.0,3.912023005428146
d=0.2n,uuf50-218,uuf50-0112.cnf,11.8072,50,218,10,3,178,7.977528089887641,25.0,17.0,3.912023005428146
d=0.2n,uuf50-218,uuf50-0113.cnf,13.5227,50,218,10,3,214,9.789719626168225,32.0,20.0,3.912023005428146
d=0.2n,uuf50-218,uuf50-0114.cnf,10.949,50,218,10,3,232,7.331896551724138,31.0,20.0,3.912023005428146
d=0.2n,uuf50-218,uuf50-0115.cnf,12.7234,50,218,10,3,214,8.873831775700934,29.0,22.0,3.912023005428146
d=0.2n,uuf50-218,uuf50-0116.cnf,12.2949,50,218,10,3,212,9.679245283018869,26.0,21.900000000000006,3.912023005428146
d=0.2n,uuf50-218,uuf50-0117.cnf,13.6588,50,218,10,3,166,10.078313253012048,22.0,18.5,3.912023005428146
d=0.2n,uuf50-218,uuf50-0118.cnf,13.2769,50,218,10,3,202,9.881188118811881,28.0,22.900000000000006,3.912023005428146
d=0.2n,uuf50-218,uuf50-0119.cnf,13.0357,50,218,10,3,194,9.778350515463918,24.0,18.0,3.912023005428146
d=0.2n,uuf50-218,uuf50-012.cnf,11.4219,50,218,10,3,202,9.311881188118813,29.0,18.0,3.912023005428146
