family,instance,ppd_orig,ppd_clean,modularity,n_edges,degree_cv
flat30-60,flat30-1.cnf,4.4444,3.5,0.5636944444444445,270,0.19079961840114482
flat30-60,flat30-15.cnf,2.8667,3.25,0.5789555555555556,270,0.1826767268068211
flat30-60,flat30-16.cnf,4.0,3.64,0.5643222222222223,270,0.1826767268068211
flat30-60,flat30-18.cnf,9.4667,3.25,0.5756944444444445,270,0.19079961840114482
flat30-60,flat30-2.cnf,4.4167,3.25,0.5676277777777778,270,0.2023735560288826
flat30-60,flat30-20.cnf,4.7692,3.25,0.5278111111111111,270,0.22373238427925649
flat30-60,flat30-21.cnf,4.7,3.5,0.5651777777777778,270,0.22031642209035765
flat30-60,flat30-22.cnf,5.2,3.64,0.55635,270,0.20973498526698836
flat30-60,flat30-23.cnf,6.3,3.25,0.5624444444444445,270,0.22373238427925649
flat30-60,flat30-24.cnf,5.8333,3.7917,0.5719611111111111,270,0.18267672680682104
flat30-60,flat30-25.cnf,7.4545,3.5,0.5566722222222222,270,0.23041242944001403
flat30-60,flat30-27.cnf,8.3,3.64,0.5669055555555556,270,0.2023735560288826
flat30-60,flat30-3.cnf,4.7692,3.25,0.5520166666666667,270,0.16523731656776824
flat30-60,flat30-30.cnf,3.5455,3.25,0.5474055555555556,270,0.23368085410027437
flat50-115,flat50-1.cnf,13.0952,4.0811,0.5644760542041916,495,0.22264037787086974
flat50-115,flat50-10.cnf,12.0769,3.9737,0.552936621496507,495,0.21031064188268864
flat50-115,flat50-100.cnf,11.6667,3.775,0.561449372948405,495,0.19913560778220185
flat50-115,flat50-1000.cnf,8.0,3.775,0.5647504418819965,495,0.22772027964071284
flat50-115,flat50-101.cnf,6.3529,3.5116,0.5597289790421682,495,0.25158590037092377
flat50-115,flat50-102.cnf,14.8947,3.775,0.5723945795808434,495,0.25309694038550123
flat50-115,flat50-103.cnf,8.3,3.6829,0.5839946132480431,495,0.1893198628023984
flat50-115,flat50-104.cnf,15.5714,3.8718,0.5629896473360828,495,0.23915412923263443
flat50-115,flat50-105.cnf,15.8235,3.8718,0.5597794798417642,495,0.2260396642020839
flat50-115,flat50-106.cnf,6.5625,3.6829,0.5558151670734787,495,0.2156811396257663
flat50-115,flat50-107.cnf,12.2778,3.5952,0.5318761047049912,495,0.23104483914113216
flat50-115,flat50-108.cnf,7.875,3.5952,0.5633902870128777,495,0.25459901256594764
flat50-115,flat50-109.cnf,15.5,3.4318,0.5669775271441798,495,0.2961393864570591
flat50-115,flat50-11.cnf,8.8333,3.4318,0.5729770221361838,495,0.22434645935591957
flat50-115,flat50-110.cnf,9.1,3.5952,0.5460853463513172,495,0.24232187161526877
flat50-115,flat50-111.cnf,13.4375,3.5952,0.5502836461577308,495,0.2326893071475465
flat50-115,flat50-112.cnf,9.0667,3.4318,0.5593182392054542,495,0.22772027964071284
flat50-115,flat50-113.cnf,11.6364,3.9737,0.5439744129282047,495,0.2156811396257663
flat50-115,flat50-114.cnf,12.3333,3.5952,0.5450786970793705,495,0.22938858238085444
flat50-115,flat50-115.cnf,7.8462,3.5952,0.5394579580843364,495,0.257576880044896
flat50-115,flat50-116.cnf,6.2143,3.6829,0.559213870886289,495,0.22434645935591957
flat50-115,flat50-117.cnf,9.9091,3.5952,0.5358404174732767,495,0.24074321069569793
flat50-115,flat50-118.cnf,16.6842,3.6829,0.5568807339449542,495,0.25459901256594764
flat50-115,flat50-119.cnf,7.5625,4.0811,0.5801060516791516,495,0.2156811396257663
flat50-115,flat50-12.cnf,7.6471,3.775,0.5776988468984092,495,0.1893198628023984
uf100-430,uf100-01.cnf,19.1297,18.2971,0.16982633255213028,1135,0.277319877600268
uf100-430,uf100-010.cnf,17.5825,19.1788,0.17519379844961241,1138,0.3014418820070359
uf100-430,uf100-0100.cnf,9.8049,10.4902,0.18283636800673037,1137,0.24894623554133288
uf100-430,uf100-01000.cnf,21.1642,19.5951,0.16731446427498348,1153,0.2537759045023335
uf100-430,uf100-0101.cnf,18.4717,19.4673,0.16983354365723216,1154,0.26085279753079627
uf100-430,uf100-0102.cnf,18.7266,19.7543,0.16746469563127214,1148,0.2724619878898215
uf100-430,uf100-0103.cnf,14.8438,16.8771,0.17380085331410372,1144,0.27512237959558883
uf100-430,uf100-0104.cnf,18.0636,17.9576,0.173988342046752,1128,0.27666246092460955
uf100-430,uf100-0105.cnf,18.5957,16.5197,0.16868337239348602,1126,0.28230921567559714
uf100-430,uf100-0106.cnf,18.1053,18.8297,0.17357610720509586,1131,0.2878452174796041
uf100-430,uf100-0107.cnf,16.7705,18.2213,0.16976864371131545,1147,0.2491899421445208
uf100-430,uf100-0108.cnf,18.3163,18.1561,0.1779171924764137,1139,0.27379541504489485
uf100-430,uf100-0109.cnf,17.7046,17.4854,0.1760302866414278,1130,0.2918243507075248
uf100-430,uf100-011.cnf,19.2845,18.6608,0.17843278649119648,1133,0.2838103007043485
uf100-430,uf100-0110.cnf,18.047,16.2287,0.18204915569977764,1131,0.2760034783431082
uf100-430,uf100-0111.cnf,16.1007,18.09,0.17764917973679467,1123,0.27971718636134035
uf100-430,uf100-0112.cnf,8.0938,14.1193,0.1827486328946578,1124,0.2814478583187577
uf100-430,uf100-0113.cnf,18.967,19.019,0.17275043567093323,1140,0.28445119794660595
uf100-430,uf100-0114.cnf,19.2626,18.5129,0.18174869298720028,1130,0.2599203448683601
uf100-430,uf100-0115.cnf,17.3442,17.924,0.17484165615047173,1145,0.2666067494913876
uf100-430,uf100-0116.cnf,12.75,14.9564,0.1787176251427198,1124,0.2840240938048769
uf100-430,uf100-0117.cnf,17.3574,19.3325,0.17385613845321796,1152,0.2777572909282586
uf100-430,uf100-0118.cnf,16.6667,19.1743,0.1747695450994532,1136,0.2792828426422345
uf100-430,uf100-0119.cnf,17.9917,18.2852,0.17129259058950785,1140,0.25568222916794237
uf100-430,uf100-012.cnf,17.3404,18.415,0.18258277747731505,1138,0.29119968138461616
uf150-645,uf150-01.cnf,23.3591,24.5396,0.17336458145544137,1803,0.2583935972443794
uf150-645,uf150-010.cnf,24.7182,25.2964,0.18926800606266983,1782,0.2780896604404895
uf150-645,uf150-0100.cnf,25.898,24.7092,0.17801093684273783,1760,0.272670859097294
uf150-645,uf150-011.cnf,24.9064,23.428,0.1815187388578411,1789,0.2741459624174482
uf150-645,uf150-012.cnf,24.3324,25.2131,0.1770606734370931,1759,0.25414444822339266
uf150-645,uf150-013.cnf,18.2207,24.4628,0.18329801227223258,1783,0.30173871394927076
uf150-645,uf150-014.cnf,24.7842,25.0475,0.18189398340110438,1755,0.25901717244318684
uf150-645,uf150-015.cnf,26.0333,26.8029,0.18014836181052155,1791,0.27996866600660697
uf150-645,uf150-016.cnf,19.1847,23.3423,0.17439523532907342,1789,0.26149660363904464
uf150-645,uf150-017.cnf,19.0357,24.6576,0.18362251200181612,1796,0.2818351444499627
uf150-645,uf150-018.cnf,26.6673,25.5336,0.18151045944087227,1771,0.25446163330561095
uf150-645,uf150-019.cnf,22.312,24.1235,0.1851007885476968,1775,0.27458694816481843
uf150-645,uf150-02.cnf,24.886,26.3566,0.18887780515326938,1779,0.24804087886642612
uf150-645,uf150-020.cnf,23.8826,24.2986,0.18410672435550748,1758,0.28097523353806797
uf150-645,uf150-021.cnf,22.549,24.031,0.18133765999639442,1781,0.2947064177945751
uf150-645,uf150-022.cnf,27.6651,23.9922,0.1768050798229273,1780,0.2642581580024242
uf150-645,uf150-023.cnf,24.1668,24.9521,0.1837661999479198,1798,0.2782346498457732
uf150-645,uf150-024.cnf,20.6133,25.646,0.17849488211846243,1777,0.2863777310401691
uf150-645,uf150-025.cnf,24.6749,25.9921,0.17989463774212286,1780,0.30120359720990525
uf150-645,uf150-026.cnf,24.1832,23.3814,0.17826092181960218,1781,0.3045326505393439
uf150-645,uf150-027.cnf,25.0954,25.2334,0.1784863356235269,1786,0.2788138534907708
uf150-645,uf150-028.cnf,24.7624,26.7555,0.17695731426396652,1779,0.26456321802665744
uf150-645,uf150-029.cnf,25.0141,25.7882,0.1779962475545674,1792,0.27968040990339765
uf150-645,uf150-03.cnf,26.8825,27.206,0.17982599870467186,1771,0.24195002737296536
uf150-645,uf150-030.cnf,19.314,24.2498,0.18545386561972105,1774,0.2933347258344605
uf20-91,uf20-01.cnf,5.8,5.5937,0.1058782487353916,147,0.222049845187984
uf20-91,uf20-010.cnf,3.6429,4.3427,0.0917092675334433,153,0.18756958351061706
uf20-91,uf20-0100.cnf,4.4444,4.2576,0.10547572086033627,151,0.24271445694267443
uf20-91,uf20-01000.cnf,4.0,4.6183,0.09102497014584929,150,0.2270813496576799
uf20-91,uf20-0101.cnf,6.5385,5.0171,0.11270780501549736,147,0.27439733656321175
uf20-91,uf20-0102.cnf,5.6875,5.383,0.120127735512351,145,0.2999710566141878
uf20-91,uf20-0103.cnf,3.75,5.835,0.0917092675334434,151,0.234426209677741
uf20-91,uf20-0104.cnf,4.3529,3.0,0.080841014906949,152,0.2507288723583356
uf20-91,uf20-0105.cnf,7.0,5.452,0.11179540849870524,148,0.2733659578466164
uf20-91,uf20-0106.cnf,4.3846,6.6714,0.10212132190154169,142,0.28050598342014593
uf20-91,uf20-0107.cnf,5.375,5.7997,0.0962578325215688,151,0.2089416658116402
uf20-91,uf20-0108.cnf,5.5714,4.2,0.11863838237464615,148,0.18756958351061706
uf20-91,uf20-0109.cnf,5.4667,5.1458,0.09837781266352699,152,0.24387549900013286
uf20-91,uf20-011.cnf,3.3333,4.1781,0.10827999838988854,145,0.26390222484306564
uf20-91,uf20-0110.cnf,7.1,2.1,0.09652618443827238,146,0.2990278973651887
uf20-91,uf20-0111.cnf,4.5,2.625,0.09781427363844954,141,0.2743973365632117
uf20-91,uf20-0112.cnf,3.2667,5.0987,0.15402058259201118,149,0.20346207041558712
uf20-91,uf20-0113.cnf,6.5333,5.2433,0.10960834037757115,144,0.21295885499997996
uf20-91,uf20-0114.cnf,3.6667,4.1389,0.11010479142347275,143,0.2551955584418121
uf20-91,uf20-0115.cnf,4.25,4.8484,0.10209448670987131,152,0.23801365926062218
uf20-91,uf20-0116.cnf,3.3333,3.3091,0.10405345570180738,144,0.24154783419726808
uf20-91,uf20-0117.cnf,4.1,5.9297,0.10821291041071263,149,0.21949084477680328
uf20-91,uf20-0118.cnf,4.25,3.2887,0.10978276912342852,148,0.21428118285675235
uf20-91,uf20-0119.cnf,5.4444,3.0,0.09899502207194517,150,0.2952251306855499
uf20-91,uf20-012.cnf,4.0,3.7517,0.10136993653477172,147,0.28151120428517523
uf50-218,uf50-01.cnf,9.8182,8.5758,0.16125185870998512,514,0.2727565098958142
uf50-218,uf50-010.cnf,10.2203,11.9698,0.16546961067624313,510,0.2625051825722678
uf50-218,uf50-0100.cnf,11.9231,10.9567,0.1633092986935256,497,0.28765624210808527
uf50-218,uf50-01000.cnf,13.8621,12.2736,0.1623226627014187,508,0.2665635266071962
uf50-218,uf50-0101.cnf,10.098,8.8021,0.15666002674671978,507,0.24897871295369173
uf50-218,uf50-0102.cnf,12.8842,11.6112,0.16147630670818952,504,0.2331439766557682
uf50-218,uf50-0103.cnf,7.875,8.206,0.15499069476007446,504,0.299440620151923
uf50-218,uf50-0104.cnf,10.5972,11.4148,0.15438749076490008,500,0.28889760799240616
uf50-218,uf50-0105.cnf,10.0698,8.8228,0.15908687072730504,503,0.24849915105974496
uf50-218,uf50-0106.cnf,8.1429,9.6628,0.16566132667470934,501,0.27319349391449327
uf50-218,uf50-0107.cnf,11.4333,10.8355,0.1502352027981184,493,0.3257700315202511
uf50-218,uf50-0108.cnf,7.1071,7.114,0.14446501884427984,521,0.25976439770939075
uf50-218,uf50-0109.cnf,10.6444,9.9806,0.13961600688307196,521,0.25231012562066707
uf50-218,uf50-011.cnf,9.0,7.559,0.15790851873673187,509,0.30261073412929534
uf50-218,uf50-0110.cnf,9.4483,10.7151,0.15778226673774182,502,0.2783838038341357
uf50-218,uf50-0111.cnf,12.7541,12.1965,0.16288378269692977,506,0.26476749802536936
uf50-218,uf50-0112.cnf,9.0,8.938,0.1743727146050183,508,0.26967779608989945
uf50-218,uf50-0113.cnf,4.0833,3.9231,0.17047293063621657,499,0.2504118882642463
uf50-218,uf50-0114.cnf,9.0976,7.1879,0.1538684547690524,522,0.23416502024040886
uf50-218,uf50-0115.cnf,4.3636,4.6364,0.1674943186600455,493,0.2822138995108644
uf50-218,uf50-0116.cnf,9.2857,11.1368,0.15162397478700823,511,0.3069161809086685
uf50-218,uf50-0117.cnf,10.5238,10.1761,0.1425852668593179,522,0.28263626183451956
uf50-218,uf50-0118.cnf,10.7353,10.5027,0.1747795266017638,491,0.25976439770939075
uf50-218,uf50-0119.cnf,12.6429,12.0404,0.1529706627762347,514,0.26250518257226785
uf50-218,uf50-012.cnf,10.6765,9.9434,0.1589325627285395,491,0.29259010705028915
uuf50-218,uuf50-01.cnf,12.3529,12.5951,0.16235071870119427,497,0.2532539088425735
uuf50-218,uuf50-010.cnf,13.0263,12.899,0.17729521458163833,494,0.27923947623946055
uuf50-218,uuf50-0100.cnf,10.1719,11.5334,0.1550701867594385,504,0.2727565098958142
uuf50-218,uuf50-01000.cnf,12.4103,11.7114,0.1620701587034387,506,0.2305715869693209
uuf50-218,uuf50-0101.cnf,12.4545,12.1376,0.14706487482348102,513,0.2830579939349072
uuf50-218,uuf50-0102.cnf,11.3448,11.6196,0.1695143506438852,503,0.25183690766854244
uuf50-218,uuf50-0103.cnf,10.8182,11.9168,0.15920377072636982,499,0.25136279883346124
uuf50-218,uuf50-0104.cnf,11.25,12.1184,0.1636179146910567,508,0.29299751222555204
uuf50-218,uuf50-0105.cnf,13.4697,12.8128,0.17009885063920918,503,0.271441336959861
uuf50-218,uuf50-0106.cnf,12.4949,11.33,0.1661055466711556,513,0.2638648994415291
uuf50-218,uuf50-0107.cnf,11.9882,12.0971,0.16353374669173001,508,0.271441336959861
uuf50-218,uuf50-0108.cnf,11.7778,8.9402,0.15969007472247942,504,0.22106327383267368
uuf50-218,uuf50-0109.cnf,12.3404,12.4262,0.17001935863984513,504,0.24993507628462744
uuf50-218,uuf50-011.cnf,11.383,11.6171,0.16146227870830177,501,0.23669836044532583
uuf50-218,uuf50-0110.cnf,13.7901,12.2544,0.1455592028355264,515,0.2909547817738149
uuf50-218,uuf50-0111.cnf,11.7656,10.9957,0.14690121482479027,508,0.2766645198259276
uuf50-218,uuf50-0112.cnf,11.8072,11.828,0.15829195073366437,514,0.2868256801097483
uuf50-218,uuf50-0113.cnf,13.5227,11.8058,0.15529931075760553,519,0.22692125667488955
uuf50-218,uuf50-0114.cnf,10.949,12.1367,0.1598584107211327,508,0.30221628841544634
uuf50-218,uuf50-0115.cnf,12.7234,11.5675,0.15799268673605854,506,0.23669836044532583
uuf50-218,uuf50-0116.cnf,12.2949,12.5908,0.1502913147976695,513,0.2295345591936547
uuf50-218,uuf50-0117.cnf,13.6588,12.7335,0.17075349063397208,501,0.28431943691988865
uuf50-218,uuf50-0118.cnf,13.2769,12.3504,0.14921115880631078,511,0.28931021297285175
uuf50-218,uuf50-0119.cnf,13.0357,11.7256,0.15071215479430275,519,0.23820543259441826
uuf50-218,uuf50-012.cnf,11.4219,13.2467,0.17831925857344594,503,0.26250518257226785
