solver,instance,family,result,propagations,decisions,props_per_decision,status
minisat,uf175-03.cnf,uf175-753,SAT,37180,1427,26.0547,ok
minisat,uf175-016.cnf,uf175-753,SAT,75849,2740,27.6821,ok
minisat,uf175-019.cnf,uf175-753,SAT,223383,7634,29.2616,ok
minisat,uf175-015.cnf,uf175-753,SAT,42236,1522,27.7503,ok
minisat,uf175-052.cnf,uf175-753,SAT,198013,6866,28.8396,ok
minisat,uf175-020.cnf,uf175-753,SAT,28583,1072,26.6632,ok
minisat,uf175-010.cnf,uf175-753,SAT,100952,3601,28.0344,ok
minisat,uf175-091.cnf,uf175-753,SAT,276501,9391,29.4432,ok
minisat,uf175-094.cnf,uf175-753,SAT,26688,936,28.5128,ok
minisat,uf175-058.cnf,uf175-753,SAT,79242,2947,26.8890,ok
minisat,uf175-023.cnf,uf175-753,SAT,94266,3326,28.3422,ok
minisat,uf175-066.cnf,uf175-753,SAT,37771,1364,27.6913,ok
minisat,uf175-056.cnf,uf175-753,SAT,55476,1966,28.2177,ok
minisat,uf175-046.cnf,uf175-753,SAT,35134,1323,26.5563,ok
minisat,uf175-081.cnf,uf175-753,SAT,437054,15518,28.1643,ok
minisat,uf175-0100.cnf,uf175-753,SAT,75724,2669,28.3717,ok
minisat,uf175-051.cnf,uf175-753,SAT,89859,3215,27.9499,ok
minisat,uf175-088.cnf,uf175-753,SAT,22002,909,24.2046,ok
minisat,uf175-08.cnf,uf175-753,SAT,11289,421,26.8147,ok
minisat,uf175-069.cnf,uf175-753,SAT,250875,8703,28.8263,ok
minisat,uf175-026.cnf,uf175-753,SAT,106984,3714,28.8056,ok
minisat,uf175-014.cnf,uf175-753,SAT,83109,3020,27.5195,ok
minisat,uf175-030.cnf,uf175-753,SAT,335516,11372,29.5037,ok
minisat,uf175-018.cnf,uf175-753,SAT,87364,3186,27.4212,ok
minisat,uf175-062.cnf,uf175-753,SAT,35640,1282,27.8003,ok
minisat,uf175-036.cnf,uf175-753,SAT,58369,2018,28.9242,ok
minisat,uf175-029.cnf,uf175-753,SAT,185298,6529,28.3808,ok
minisat,uf175-035.cnf,uf175-753,SAT,26562,1030,25.7883,ok
minisat,uf175-084.cnf,uf175-753,SAT,83843,2996,27.9850,ok
minisat,uf175-042.cnf,uf175-753,SAT,45617,1663,27.4305,ok
minisat,uf175-093.cnf,uf175-753,SAT,163557,5777,28.3118,ok
minisat,uf175-082.cnf,uf175-753,SAT,593130,20616,28.7704,ok
minisat,uf175-048.cnf,uf175-753,SAT,112436,4060,27.6936,ok
minisat,uf175-099.cnf,uf175-753,SAT,29182,1107,26.3613,ok
minisat,uf175-087.cnf,uf175-753,SAT,92207,3120,29.5535,ok
minisat,uf175-034.cnf,uf175-753,SAT,198808,6942,28.6384,ok
minisat,uf175-04.cnf,uf175-753,SAT,66129,2538,26.0556,ok
minisat,uf175-089.cnf,uf175-753,SAT,107488,3848,27.9335,ok
minisat,uf175-049.cnf,uf175-753,SAT,218870,7692,28.4542,ok
minisat,uf175-021.cnf,uf175-753,SAT,173896,6130,28.3680,ok
minisat,uf175-085.cnf,uf175-753,SAT,146764,5317,27.6028,ok
minisat,uf175-072.cnf,uf175-753,SAT,131785,4511,29.2141,ok
minisat,uf175-012.cnf,uf175-753,SAT,74503,2840,26.2335,ok
minisat,uf175-027.cnf,uf175-753,SAT,262547,9156,28.6749,ok
minisat,uf175-022.cnf,uf175-753,SAT,138214,4767,28.9939,ok
minisat,uf175-028.cnf,uf175-753,SAT,94723,3199,29.6102,ok
minisat,uf175-037.cnf,uf175-753,SAT,390378,13215,29.5405,ok
minisat,uf175-078.cnf,uf175-753,SAT,49964,1954,25.5701,ok
minisat,uf175-060.cnf,uf175-753,SAT,24612,872,28.2248,ok
minisat,uf175-07.cnf,uf175-753,SAT,66771,2340,28.5346,ok
minisat,uf200-080.cnf,uf200-860,SAT,58674,1901,30.8648,ok
minisat,uf200-06.cnf,uf200-860,SAT,545447,17029,32.0305,ok
minisat,uf200-072.cnf,uf200-860,SAT,195111,6375,30.6056,ok
minisat,uf200-025.cnf,uf200-860,SAT,109779,3474,31.6002,ok
minisat,uf200-027.cnf,uf200-860,SAT,1071115,33306,32.1598,ok
minisat,uf200-038.cnf,uf200-860,SAT,629938,20570,30.6241,ok
minisat,uf200-032.cnf,uf200-860,SAT,678483,21271,31.8971,ok
minisat,uf200-098.cnf,uf200-860,SAT,72816,2406,30.2643,ok
minisat,uf200-086.cnf,uf200-860,SAT,255011,8200,31.0989,ok
minisat,uf200-097.cnf,uf200-860,SAT,82013,2782,29.4799,ok
minisat,uf200-075.cnf,uf200-860,SAT,160387,5122,31.3134,ok
minisat,uf200-042.cnf,uf200-860,SAT,614212,19711,31.1609,ok
minisat,uf200-050.cnf,uf200-860,SAT,215891,7239,29.8233,ok
minisat,uf200-078.cnf,uf200-860,SAT,89758,2897,30.9831,ok
minisat,uf200-073.cnf,uf200-860,SAT,356601,11293,31.5772,ok
minisat,uf200-081.cnf,uf200-860,SAT,788844,24642,32.0122,ok
minisat,uf200-053.cnf,uf200-860,SAT,29237,1010,28.9475,ok
minisat,uf200-016.cnf,uf200-860,SAT,89187,3031,29.4249,ok
minisat,uf200-035.cnf,uf200-860,SAT,848182,27196,31.1877,ok
minisat,uf200-095.cnf,uf200-860,SAT,1314524,42423,30.9861,ok
minisat,uf200-020.cnf,uf200-860,SAT,26828,951,28.2103,ok
minisat,uf200-024.cnf,uf200-860,SAT,804545,25244,31.8707,ok
minisat,uf200-01.cnf,uf200-860,SAT,699135,22090,31.6494,ok
minisat,uf200-067.cnf,uf200-860,SAT,5646,209,27.0144,ok
minisat,uf200-039.cnf,uf200-860,SAT,1713914,54868,31.2370,ok
minisat,uf200-084.cnf,uf200-860,SAT,444394,14726,30.1775,ok
minisat,uf200-068.cnf,uf200-860,SAT,187722,6336,29.6278,ok
minisat,uf200-062.cnf,uf200-860,SAT,42612,1531,27.8328,ok
minisat,uf200-022.cnf,uf200-860,SAT,1461900,46084,31.7225,ok
minisat,uf200-063.cnf,uf200-860,SAT,2140406,67999,31.4770,ok
minisat,uf200-029.cnf,uf200-860,SAT,285620,9321,30.6426,ok
minisat,uf200-099.cnf,uf200-860,SAT,1452379,45886,31.6519,ok
minisat,uf200-08.cnf,uf200-860,SAT,89444,3068,29.1538,ok
minisat,uf200-079.cnf,uf200-860,SAT,358553,11775,30.4504,ok
minisat,uf200-083.cnf,uf200-860,SAT,266562,8263,32.2597,ok
minisat,uf200-044.cnf,uf200-860,SAT,690715,22029,31.3548,ok
minisat,uf200-03.cnf,uf200-860,SAT,8703,355,24.5155,ok
minisat,uf200-013.cnf,uf200-860,SAT,232669,7812,29.7835,ok
minisat,uf200-031.cnf,uf200-860,SAT,57637,1879,30.6743,ok
minisat,uf200-059.cnf,uf200-860,SAT,737884,23429,31.4945,ok
minisat,uf200-055.cnf,uf200-860,SAT,702957,22734,30.9210,ok
minisat,uf200-052.cnf,uf200-860,SAT,1328858,41948,31.6787,ok
minisat,uf200-02.cnf,uf200-860,SAT,515117,16607,31.0181,ok
minisat,uf200-061.cnf,uf200-860,SAT,119491,3746,31.8983,ok
minisat,uf200-015.cnf,uf200-860,SAT,756729,23722,31.8999,ok
minisat,uf200-010.cnf,uf200-860,SAT,218787,7331,29.8441,ok
minisat,uf200-094.cnf,uf200-860,SAT,296396,9161,32.3541,ok
minisat,uf200-048.cnf,uf200-860,SAT,683901,21583,31.6870,ok
minisat,uf200-043.cnf,uf200-860,SAT,63733,2198,28.9959,ok
minisat,uf200-070.cnf,uf200-860,SAT,35955,1250,28.7640,ok
minisat,uf225-03.cnf,uf225-960,SAT,5008510,144763,34.5980,ok
minisat,uf225-080.cnf,uf225-960,SAT,32941,1090,30.2211,ok
minisat,uf225-054.cnf,uf225-960,SAT,1858658,53593,34.6810,ok
minisat,uf225-08.cnf,uf225-960,SAT,313525,9337,33.5788,ok
minisat,uf225-019.cnf,uf225-960,SAT,2508938,75352,33.2962,ok
minisat,uf225-020.cnf,uf225-960,SAT,124350,3917,31.7462,ok
minisat,uf225-017.cnf,uf225-960,SAT,2150231,63583,33.8177,ok
minisat,uf225-060.cnf,uf225-960,SAT,726819,21418,33.9350,ok
minisat,uf225-011.cnf,uf225-960,SAT,300666,9077,33.1239,ok
minisat,uf225-014.cnf,uf225-960,SAT,1618059,47856,33.8110,ok
minisat,uf225-075.cnf,uf225-960,SAT,533796,16195,32.9605,ok
minisat,uf225-089.cnf,uf225-960,SAT,951314,28633,33.2244,ok
minisat,uf225-012.cnf,uf225-960,SAT,392243,12011,32.6570,ok
minisat,uf225-035.cnf,uf225-960,SAT,228381,7011,32.5747,ok
minisat,uf225-091.cnf,uf225-960,SAT,317770,9832,32.3200,ok
minisat,uf225-033.cnf,uf225-960,SAT,403854,12437,32.4720,ok
minisat,uf225-083.cnf,uf225-960,SAT,170058,5113,33.2599,ok
minisat,uf225-067.cnf,uf225-960,SAT,120179,3591,33.4667,ok
minisat,uf225-090.cnf,uf225-960,SAT,1593467,46148,34.5295,ok
minisat,uf225-023.cnf,uf225-960,SAT,1029739,31102,33.1084,ok
minisat,uf225-079.cnf,uf225-960,SAT,633328,18850,33.5983,ok
minisat,uf225-037.cnf,uf225-960,SAT,1438399,42453,33.8822,ok
minisat,uf225-041.cnf,uf225-960,SAT,1335873,38576,34.6296,ok
minisat,uf225-055.cnf,uf225-960,SAT,207553,6503,31.9165,ok
minisat,uf225-039.cnf,uf225-960,SAT,2225313,64817,34.3322,ok
minisat,uf225-058.cnf,uf225-960,SAT,69813,2258,30.9181,ok
minisat,uf225-049.cnf,uf225-960,SAT,2165924,63212,34.2644,ok
minisat,uf225-072.cnf,uf225-960,SAT,296524,8907,33.2911,ok
minisat,uf225-059.cnf,uf225-960,SAT,3937640,115710,34.0302,ok
minisat,uf225-057.cnf,uf225-960,SAT,1443499,43699,33.0328,ok
minisat,uf225-084.cnf,uf225-960,SAT,6227084,181524,34.3045,ok
minisat,uf225-04.cnf,uf225-960,SAT,1923798,55894,34.4187,ok
minisat,uf225-031.cnf,uf225-960,SAT,77423,2316,33.4296,ok
minisat,uf225-0100.cnf,uf225-960,SAT,8662737,256705,33.7459,ok
minisat,uf225-050.cnf,uf225-960,SAT,1727656,51618,33.4700,ok
minisat,uf225-065.cnf,uf225-960,SAT,6386111,188631,33.8550,ok
minisat,uf225-034.cnf,uf225-960,SAT,1808032,52382,34.5163,ok
minisat,uf225-021.cnf,uf225-960,SAT,298353,9081,32.8546,ok
minisat,uf225-085.cnf,uf225-960,SAT,427083,13106,32.5868,ok
minisat,uf225-070.cnf,uf225-960,SAT,277349,8464,32.7681,ok
minisat,uf225-095.cnf,uf225-960,SAT,2933249,86770,33.8049,ok
minisat,uf225-02.cnf,uf225-960,SAT,400319,11966,33.4547,ok
minisat,uf225-043.cnf,uf225-960,SAT,3481632,101722,34.2269,ok
minisat,uf225-01.cnf,uf225-960,SAT,712565,20176,35.3175,ok
minisat,uf225-069.cnf,uf225-960,SAT,4386729,129487,33.8778,ok
minisat,uf225-046.cnf,uf225-960,SAT,3962513,115702,34.2476,ok
minisat,uf225-092.cnf,uf225-960,SAT,445685,12963,34.3813,ok
minisat,uf225-051.cnf,uf225-960,SAT,98430,2992,32.8977,ok
minisat,uf225-030.cnf,uf225-960,SAT,394753,11522,34.2608,ok
minisat,uf225-073.cnf,uf225-960,SAT,1696345,49828,34.0440,ok
minisat,uf250-062.cnf,uf250-1065,SAT,2339428,66561,35.1471,ok
minisat,uf250-039.cnf,uf250-1065,SAT,775744,21437,36.1872,ok
minisat,uf250-014.cnf,uf250-1065,SAT,106693,2978,35.8271,ok
minisat,uf250-052.cnf,uf250-1065,SAT,7282989,205606,35.4221,ok
minisat,uf250-071.cnf,uf250-1065,SAT,22030449,594546,37.0542,ok
minisat,uf250-066.cnf,uf250-1065,SAT,7284909,197949,36.8019,ok
minisat,uf250-064.cnf,uf250-1065,SAT,807426,22710,35.5538,ok
minisat,uf250-089.cnf,uf250-1065,SAT,1741610,48217,36.1202,ok
minisat,uf250-077.cnf,uf250-1065,SAT,1017242,28704,35.4390,ok
minisat,uf250-011.cnf,uf250-1065,SAT,6985193,193114,36.1713,ok
minisat,uf250-015.cnf,uf250-1065,SAT,388953,10579,36.7665,ok
minisat,uf250-034.cnf,uf250-1065,SAT,18753946,517425,36.2448,ok
minisat,uf250-036.cnf,uf250-1065,SAT,17505678,500918,34.9472,ok
minisat,uf250-056.cnf,uf250-1065,SAT,4344470,119164,36.4579,ok
minisat,uf250-053.cnf,uf250-1065,SAT,7163825,196066,36.5378,ok
minisat,uf250-082.cnf,uf250-1065,SAT,4202525,114987,36.5478,ok
minisat,uf250-050.cnf,uf250-1065,SAT,967369,26338,36.7290,ok
minisat,uf250-047.cnf,uf250-1065,SAT,15422852,425620,36.2362,ok
minisat,uf250-055.cnf,uf250-1065,SAT,757854,20949,36.1761,ok
minisat,uf250-012.cnf,uf250-1065,SAT,3666306,103067,35.5721,ok
minisat,uf250-067.cnf,uf250-1065,SAT,8970512,248684,36.0719,ok
minisat,uf250-081.cnf,uf250-1065,SAT,3492960,95575,36.5468,ok
minisat,uf250-065.cnf,uf250-1065,SAT,3356754,92387,36.3336,ok
minisat,uf250-096.cnf,uf250-1065,SAT,3805320,105845,35.9518,ok
minisat,uf250-070.cnf,uf250-1065,SAT,2563717,71747,35.7327,ok
minisat,uf250-044.cnf,uf250-1065,SAT,2390167,64809,36.8802,ok
minisat,uf250-095.cnf,uf250-1065,SAT,401187,11366,35.2971,ok
minisat,uf250-059.cnf,uf250-1065,SAT,3262042,92398,35.3042,ok
minisat,uf250-029.cnf,uf250-1065,SAT,29316473,812679,36.0739,ok
minisat,uf250-057.cnf,uf250-1065,SAT,2139128,59286,36.0815,ok
minisat,uf250-086.cnf,uf250-1065,SAT,10258714,282394,36.3277,ok
minisat,uf250-075.cnf,uf250-1065,SAT,9494133,256633,36.9950,ok
minisat,uf250-028.cnf,uf250-1065,SAT,10888402,287715,37.8444,ok
minisat,uf250-074.cnf,uf250-1065,SAT,2108997,59173,35.6412,ok
minisat,uf250-017.cnf,uf250-1065,SAT,2062310,58459,35.2779,ok
minisat,uf250-016.cnf,uf250-1065,SAT,1592248,44457,35.8155,ok
minisat,uf250-094.cnf,uf250-1065,SAT,4578561,123871,36.9623,ok
minisat,uf250-025.cnf,uf250-1065,SAT,41731,1265,32.9889,ok
minisat,uf250-042.cnf,uf250-1065,SAT,1549380,44401,34.8952,ok
minisat,uf250-09.cnf,uf250-1065,SAT,3920405,105942,37.0052,ok
minisat,uf250-020.cnf,uf250-1065,SAT,4869962,136158,35.7670,ok
minisat,uf250-019.cnf,uf250-1065,SAT,3807579,104603,36.4003,ok
minisat,uf250-04.cnf,uf250-1065,SAT,1229045,33045,37.1931,ok
minisat,uf250-061.cnf,uf250-1065,SAT,1585150,44338,35.7515,ok
minisat,uf250-097.cnf,uf250-1065,SAT,1232637,34488,35.7410,ok
minisat,uf250-099.cnf,uf250-1065,SAT,11392141,315008,36.1646,ok
minisat,uf250-035.cnf,uf250-1065,SAT,32269,986,32.7272,ok
minisat,uf250-080.cnf,uf250-1065,SAT,3609918,97300,37.1009,ok
minisat,uf250-05.cnf,uf250-1065,SAT,4249573,117712,36.1014,ok
minisat,uf250-037.cnf,uf250-1065,SAT,431042,12095,35.6380,ok
cadical,uf175-03.cnf,uf175-753,SAT,210405,7925,26.5495,ok
cadical,uf175-016.cnf,uf175-753,SAT,230712,9078,25.4144,ok
cadical,uf175-019.cnf,uf175-753,SAT,260962,8508,30.6725,ok
cadical,uf175-015.cnf,uf175-753,SAT,65086,2497,26.0657,ok
cadical,uf175-052.cnf,uf175-753,SAT,58954,1965,30.0020,ok
cadical,uf175-020.cnf,uf175-753,SAT,180858,7370,24.5398,ok
cadical,uf175-010.cnf,uf175-753,SAT,162427,5639,28.8042,ok
cadical,uf175-091.cnf,uf175-753,SAT,209441,7965,26.2952,ok
cadical,uf175-094.cnf,uf175-753,SAT,202366,7755,26.0949,ok
cadical,uf175-058.cnf,uf175-753,SAT,25697,896,28.6797,ok
cadical,uf175-023.cnf,uf175-753,SAT,14430,532,27.1241,ok
cadical,uf175-066.cnf,uf175-753,SAT,452612,18283,24.7559,ok
cadical,uf175-056.cnf,uf175-753,SAT,161535,6746,23.9453,ok
cadical,uf175-046.cnf,uf175-753,SAT,170739,7435,22.9642,ok
cadical,uf175-081.cnf,uf175-753,SAT,185417,6593,28.1233,ok
cadical,uf175-0100.cnf,uf175-753,SAT,25177,828,30.4070,ok
cadical,uf175-051.cnf,uf175-753,SAT,200523,8089,24.7896,ok
cadical,uf175-088.cnf,uf175-753,SAT,196120,7729,25.3746,ok
cadical,uf175-08.cnf,uf175-753,SAT,163366,6498,25.1410,ok
cadical,uf175-069.cnf,uf175-753,SAT,244665,8652,28.2784,ok
cadical,uf175-026.cnf,uf175-753,SAT,230519,8528,27.0308,ok
cadical,uf175-014.cnf,uf175-753,SAT,113698,4794,23.7167,ok
cadical,uf175-030.cnf,uf175-753,SAT,503752,18193,27.6893,ok
cadical,uf175-018.cnf,uf175-753,SAT,14562,726,20.0579,ok
cadical,uf175-062.cnf,uf175-753,SAT,28840,1171,24.6285,ok
cadical,uf175-036.cnf,uf175-753,SAT,218524,7803,28.0051,ok
cadical,uf175-029.cnf,uf175-753,SAT,68396,2552,26.8009,ok
cadical,uf175-035.cnf,uf175-753,SAT,387337,15236,25.4225,ok
cadical,uf175-084.cnf,uf175-753,SAT,608416,23073,26.3692,ok
cadical,uf175-042.cnf,uf175-753,SAT,143627,5396,26.6173,ok
cadical,uf175-093.cnf,uf175-753,SAT,347194,13891,24.9942,ok
cadical,uf175-082.cnf,uf175-753,SAT,83169,3143,26.4617,ok
cadical,uf175-048.cnf,uf175-753,SAT,56649,1868,30.3260,ok
cadical,uf175-099.cnf,uf175-753,SAT,172641,7424,23.2544,ok
cadical,uf175-087.cnf,uf175-753,SAT,176954,6458,27.4007,ok
cadical,uf175-034.cnf,uf175-753,SAT,166689,6143,27.1348,ok
cadical,uf175-04.cnf,uf175-753,SAT,149066,5756,25.8975,ok
cadical,uf175-089.cnf,uf175-753,SAT,83810,2895,28.9499,ok
cadical,uf175-049.cnf,uf175-753,SAT,267424,9549,28.0054,ok
cadical,uf175-021.cnf,uf175-753,SAT,166418,6076,27.3894,ok
cadical,uf175-085.cnf,uf175-753,SAT,158562,7636,20.7651,ok
cadical,uf175-072.cnf,uf175-753,SAT,48011,1651,29.0800,ok
cadical,uf175-012.cnf,uf175-753,SAT,55924,1837,30.4431,ok
cadical,uf175-027.cnf,uf175-753,SAT,61578,2236,27.5394,ok
cadical,uf175-022.cnf,uf175-753,SAT,23771,796,29.8631,ok
cadical,uf175-028.cnf,uf175-753,SAT,83419,3384,24.6510,ok
cadical,uf175-037.cnf,uf175-753,SAT,16929,604,28.0281,ok
cadical,uf175-078.cnf,uf175-753,SAT,153214,5115,29.9539,ok
cadical,uf175-060.cnf,uf175-753,SAT,46536,1628,28.5848,ok
cadical,uf175-07.cnf,uf175-753,SAT,152846,6243,24.4828,ok
cadical,uf200-080.cnf,uf200-860,SAT,162182,5214,31.1051,ok
cadical,uf200-06.cnf,uf200-860,SAT,917135,34168,26.8419,ok
cadical,uf200-072.cnf,uf200-860,SAT,198171,6431,30.8150,ok
cadical,uf200-025.cnf,uf200-860,SAT,53764,1799,29.8855,ok
cadical,uf200-027.cnf,uf200-860,SAT,1286437,44221,29.0911,ok
cadical,uf200-038.cnf,uf200-860,SAT,224951,7212,31.1912,ok
cadical,uf200-032.cnf,uf200-860,SAT,134747,5780,23.3126,ok
cadical,uf200-098.cnf,uf200-860,SAT,109636,3544,30.9357,ok
cadical,uf200-086.cnf,uf200-860,SAT,514037,20545,25.0201,ok
cadical,uf200-097.cnf,uf200-860,SAT,536536,19279,27.8301,ok
cadical,uf200-075.cnf,uf200-860,SAT,239689,8957,26.7600,ok
cadical,uf200-042.cnf,uf200-860,SAT,943864,33971,27.7844,ok
cadical,uf200-050.cnf,uf200-860,SAT,111039,3922,28.3118,ok
cadical,uf200-078.cnf,uf200-860,SAT,78075,2706,28.8525,ok
cadical,uf200-073.cnf,uf200-860,SAT,196590,7243,27.1421,ok
cadical,uf200-081.cnf,uf200-860,SAT,240516,8787,27.3718,ok
cadical,uf200-053.cnf,uf200-860,SAT,71016,2311,30.7296,ok
cadical,uf200-016.cnf,uf200-860,SAT,233980,8160,28.6740,ok
cadical,uf200-035.cnf,uf200-860,SAT,467138,18260,25.5826,ok
cadical,uf200-095.cnf,uf200-860,SAT,551591,18128,30.4276,ok
cadical,uf200-020.cnf,uf200-860,SAT,461721,16440,28.0852,ok
cadical,uf200-024.cnf,uf200-860,SAT,496157,18412,26.9475,ok
cadical,uf200-01.cnf,uf200-860,SAT,606443,22353,27.1303,ok
cadical,uf200-067.cnf,uf200-860,SAT,54811,2332,23.5039,ok
cadical,uf200-039.cnf,uf200-860,SAT,1012147,36898,27.4309,ok
cadical,uf200-084.cnf,uf200-860,SAT,180653,6907,26.1551,ok
cadical,uf200-068.cnf,uf200-860,SAT,568414,20134,28.2315,ok
cadical,uf200-062.cnf,uf200-860,SAT,77508,2911,26.6259,ok
cadical,uf200-022.cnf,uf200-860,SAT,575584,19770,29.1140,ok
cadical,uf200-063.cnf,uf200-860,SAT,206058,6540,31.5073,ok
cadical,uf200-029.cnf,uf200-860,SAT,526843,21278,24.7600,ok
cadical,uf200-099.cnf,uf200-860,SAT,776182,29066,26.7041,ok
cadical,uf200-08.cnf,uf200-860,SAT,348835,10621,32.8439,ok
cadical,uf200-079.cnf,uf200-860,SAT,483903,17869,27.0806,ok
cadical,uf200-083.cnf,uf200-860,SAT,731300,26069,28.0525,ok
cadical,uf200-044.cnf,uf200-860,SAT,418388,18062,23.1640,ok
cadical,uf200-03.cnf,uf200-860,SAT,49117,2179,22.5411,ok
cadical,uf200-013.cnf,uf200-860,SAT,355867,12621,28.1964,ok
cadical,uf200-031.cnf,uf200-860,SAT,54377,1970,27.6025,ok
cadical,uf200-059.cnf,uf200-860,SAT,625181,20313,30.7774,ok
cadical,uf200-055.cnf,uf200-860,SAT,774786,30205,25.6509,ok
cadical,uf200-052.cnf,uf200-860,SAT,148614,5342,27.8199,ok
cadical,uf200-02.cnf,uf200-860,SAT,477951,16019,29.8365,ok
cadical,uf200-061.cnf,uf200-860,SAT,611558,23306,26.2404,ok
cadical,uf200-015.cnf,uf200-860,SAT,206792,7599,27.2131,ok
cadical,uf200-010.cnf,uf200-860,SAT,218132,8428,25.8818,ok
cadical,uf200-094.cnf,uf200-860,SAT,373947,13039,28.6791,ok
cadical,uf200-048.cnf,uf200-860,SAT,642538,22208,28.9327,ok
cadical,uf200-043.cnf,uf200-860,SAT,206885,7947,26.0331,ok
cadical,uf200-070.cnf,uf200-860,SAT,226868,8696,26.0888,ok
cadical,uf225-03.cnf,uf225-960,SAT,864326,32779,26.3683,ok
cadical,uf225-080.cnf,uf225-960,SAT,846271,32190,26.2899,ok
cadical,uf225-054.cnf,uf225-960,SAT,656839,21464,30.6019,ok
cadical,uf225-08.cnf,uf225-960,SAT,1127978,39333,28.6776,ok
cadical,uf225-019.cnf,uf225-960,SAT,1105967,37796,29.2615,ok
cadical,uf225-020.cnf,uf225-960,SAT,606687,19272,31.4802,ok
cadical,uf225-017.cnf,uf225-960,SAT,830423,31926,26.0109,ok
cadical,uf225-060.cnf,uf225-960,SAT,500002,17224,29.0294,ok
cadical,uf225-011.cnf,uf225-960,SAT,659396,24968,26.4096,ok
cadical,uf225-014.cnf,uf225-960,SAT,641042,21985,29.1582,ok
cadical,uf225-075.cnf,uf225-960,SAT,841969,30323,27.7667,ok
cadical,uf225-089.cnf,uf225-960,SAT,350351,12457,28.1248,ok
cadical,uf225-012.cnf,uf225-960,SAT,1128180,36582,30.8398,ok
cadical,uf225-035.cnf,uf225-960,SAT,529632,17365,30.5000,ok
cadical,uf225-091.cnf,uf225-960,SAT,814857,31779,25.6414,ok
cadical,uf225-033.cnf,uf225-960,SAT,971841,38161,25.4669,ok
cadical,uf225-083.cnf,uf225-960,SAT,106745,3261,32.7338,ok
cadical,uf225-067.cnf,uf225-960,SAT,226881,7010,32.3653,ok
cadical,uf225-090.cnf,uf225-960,SAT,644051,23591,27.3007,ok
cadical,uf225-023.cnf,uf225-960,SAT,870367,30344,28.6833,ok
cadical,uf225-079.cnf,uf225-960,SAT,464445,15351,30.2550,ok
cadical,uf225-037.cnf,uf225-960,SAT,541378,19981,27.0946,ok
cadical,uf225-041.cnf,uf225-960,SAT,557430,19982,27.8966,ok
cadical,uf225-055.cnf,uf225-960,SAT,513415,20082,25.5659,ok
cadical,uf225-039.cnf,uf225-960,SAT,1977087,72084,27.4275,ok
cadical,uf225-058.cnf,uf225-960,SAT,546761,17747,30.8086,ok
cadical,uf225-049.cnf,uf225-960,SAT,612240,20101,30.4582,ok
cadical,uf225-072.cnf,uf225-960,SAT,262633,7617,34.4798,ok
cadical,uf225-059.cnf,uf225-960,SAT,665021,24582,27.0532,ok
cadical,uf225-057.cnf,uf225-960,SAT,1104521,39294,28.1092,ok
cadical,uf225-084.cnf,uf225-960,SAT,3529054,132201,26.6946,ok
cadical,uf225-04.cnf,uf225-960,SAT,842225,29448,28.6004,ok
cadical,uf225-031.cnf,uf225-960,SAT,1196676,42875,27.9108,ok
cadical,uf225-0100.cnf,uf225-960,SAT,3052366,108710,28.0781,ok
cadical,uf225-050.cnf,uf225-960,SAT,543333,20748,26.1872,ok
cadical,uf225-065.cnf,uf225-960,SAT,604705,18114,33.3833,ok
cadical,uf225-034.cnf,uf225-960,SAT,545797,17359,31.4417,ok
cadical,uf225-021.cnf,uf225-960,SAT,549009,21052,26.0787,ok
cadical,uf225-085.cnf,uf225-960,SAT,619387,21789,28.4266,ok
cadical,uf225-070.cnf,uf225-960,SAT,862073,33293,25.8935,ok
cadical,uf225-095.cnf,uf225-960,SAT,582253,17931,32.4719,ok
cadical,uf225-02.cnf,uf225-960,SAT,89470,3187,28.0734,ok
cadical,uf225-043.cnf,uf225-960,SAT,209622,9335,22.4555,ok
cadical,uf225-01.cnf,uf225-960,SAT,882955,30424,29.0217,ok
cadical,uf225-069.cnf,uf225-960,SAT,1087968,34645,31.4033,ok
cadical,uf225-046.cnf,uf225-960,SAT,1144293,38936,29.3891,ok
cadical,uf225-092.cnf,uf225-960,SAT,540364,18208,29.6773,ok
cadical,uf225-051.cnf,uf225-960,SAT,563062,17547,32.0888,ok
cadical,uf225-030.cnf,uf225-960,SAT,13614,430,31.6605,ok
cadical,uf225-073.cnf,uf225-960,SAT,494841,16509,29.9740,ok
cadical,uf250-062.cnf,uf250-1065,SAT,895616,31746,28.2119,ok
cadical,uf250-039.cnf,uf250-1065,SAT,1235842,33465,36.9294,ok
cadical,uf250-014.cnf,uf250-1065,SAT,927340,30963,29.9499,ok
cadical,uf250-052.cnf,uf250-1065,SAT,1179822,40364,29.2296,ok
cadical,uf250-071.cnf,uf250-1065,SAT,905589,30758,29.4424,ok
cadical,uf250-066.cnf,uf250-1065,SAT,658493,19540,33.6997,ok
cadical,uf250-064.cnf,uf250-1065,SAT,533047,17652,30.1975,ok
cadical,uf250-089.cnf,uf250-1065,SAT,552146,18014,30.6509,ok
cadical,uf250-077.cnf,uf250-1065,SAT,346946,11344,30.5841,ok
cadical,uf250-011.cnf,uf250-1065,SAT,3816726,125804,30.3387,ok
cadical,uf250-015.cnf,uf250-1065,SAT,557894,20001,27.8933,ok
cadical,uf250-034.cnf,uf250-1065,SAT,1551212,52323,29.6468,ok
cadical,uf250-036.cnf,uf250-1065,SAT,1173472,43859,26.7556,ok
cadical,uf250-056.cnf,uf250-1065,SAT,1236192,45710,27.0442,ok
cadical,uf250-053.cnf,uf250-1065,SAT,996858,32142,31.0142,ok
cadical,uf250-082.cnf,uf250-1065,SAT,1034019,30753,33.6234,ok
cadical,uf250-050.cnf,uf250-1065,SAT,1194483,34107,35.0216,ok
cadical,uf250-047.cnf,uf250-1065,SAT,1202093,37121,32.3831,ok
cadical,uf250-055.cnf,uf250-1065,SAT,1253087,42932,29.1877,ok
cadical,uf250-012.cnf,uf250-1065,SAT,909568,33522,27.1335,ok
cadical,uf250-067.cnf,uf250-1065,SAT,2281788,82153,27.7749,ok
cadical,uf250-081.cnf,uf250-1065,SAT,1204169,34189,35.2209,ok
cadical,uf250-065.cnf,uf250-1065,SAT,1225736,44079,27.8077,ok
cadical,uf250-096.cnf,uf250-1065,SAT,1196387,40114,29.8247,ok
cadical,uf250-070.cnf,uf250-1065,SAT,1185891,39927,29.7015,ok
cadical,uf250-044.cnf,uf250-1065,SAT,571329,16667,34.2791,ok
cadical,uf250-095.cnf,uf250-1065,SAT,1072133,34548,31.0331,ok
cadical,uf250-059.cnf,uf250-1065,SAT,1184435,38779,30.5432,ok
cadical,uf250-029.cnf,uf250-1065,SAT,643844,22329,28.8344,ok
cadical,uf250-057.cnf,uf250-1065,SAT,1204408,44324,27.1728,ok
cadical,uf250-086.cnf,uf250-1065,SAT,1547664,51627,29.9778,ok
cadical,uf250-075.cnf,uf250-1065,SAT,1210136,41683,29.0319,ok
cadical,uf250-028.cnf,uf250-1065,SAT,1242306,38440,32.3181,ok
cadical,uf250-074.cnf,uf250-1065,SAT,1045613,31817,32.8633,ok
cadical,uf250-017.cnf,uf250-1065,SAT,877299,30303,28.9509,ok
cadical,uf250-016.cnf,uf250-1065,SAT,1224684,41588,29.4480,ok
cadical,uf250-094.cnf,uf250-1065,SAT,1928558,59214,32.5693,ok
cadical,uf250-025.cnf,uf250-1065,SAT,1034003,35603,29.0426,ok
cadical,uf250-042.cnf,uf250-1065,SAT,150968,4643,32.5152,ok
cadical,uf250-09.cnf,uf250-1065,SAT,95179,2915,32.6515,ok
cadical,uf250-020.cnf,uf250-1065,SAT,1177508,38601,30.5046,ok
cadical,uf250-019.cnf,uf250-1065,SAT,714510,25094,28.4733,ok
cadical,uf250-04.cnf,uf250-1065,SAT,380544,10397,36.6013,ok
cadical,uf250-061.cnf,uf250-1065,SAT,140053,4372,32.0341,ok
cadical,uf250-097.cnf,uf250-1065,SAT,583038,21553,27.0514,ok
cadical,uf250-099.cnf,uf250-1065,SAT,1200921,39606,30.3217,ok
cadical,uf250-035.cnf,uf250-1065,SAT,370601,12481,29.6932,ok
cadical,uf250-080.cnf,uf250-1065,SAT,1210997,38042,31.8332,ok
cadical,uf250-05.cnf,uf250-1065,SAT,1206331,40691,29.6461,ok
cadical,uf250-037.cnf,uf250-1065,SAT,188871,5631,33.5413,ok
kissat,uf175-03.cnf,uf175-753,SAT,17294,627,27.5821,ok
kissat,uf175-016.cnf,uf175-753,SAT,96949,3669,26.4238,ok
kissat,uf175-019.cnf,uf175-753,SAT,95277,3506,27.1754,ok
kissat,uf175-015.cnf,uf175-753,SAT,10736,403,26.6402,ok
kissat,uf175-052.cnf,uf175-753,SAT,97667,3645,26.7948,ok
kissat,uf175-020.cnf,uf175-753,SAT,112703,3985,28.2818,ok
kissat,uf175-010.cnf,uf175-753,SAT,95743,3648,26.2453,ok
kissat,uf175-091.cnf,uf175-753,SAT,93495,3303,28.3061,ok
kissat,uf175-094.cnf,uf175-753,SAT,205975,8803,23.3983,ok
kissat,uf175-058.cnf,uf175-753,SAT,85604,3335,25.6684,ok
kissat,uf175-023.cnf,uf175-753,SAT,499537,16863,29.6233,ok
kissat,uf175-066.cnf,uf175-753,SAT,456592,17414,26.2198,ok
kissat,uf175-056.cnf,uf175-753,SAT,42698,1596,26.7531,ok
kissat,uf175-046.cnf,uf175-753,SAT,96500,3751,25.7265,ok
kissat,uf175-081.cnf,uf175-753,SAT,95436,3409,27.9953,ok
kissat,uf175-0100.cnf,uf175-753,SAT,96243,3580,26.8835,ok
kissat,uf175-051.cnf,uf175-753,SAT,97396,3920,24.8459,ok
kissat,uf175-088.cnf,uf175-753,SAT,101247,5411,18.7113,ok
kissat,uf175-08.cnf,uf175-753,SAT,96243,3722,25.8579,ok
kissat,uf175-069.cnf,uf175-753,SAT,452270,19194,23.5631,ok
kissat,uf175-026.cnf,uf175-753,SAT,143426,5228,27.4342,ok
kissat,uf175-014.cnf,uf175-753,SAT,112717,4388,25.6876,ok
kissat,uf175-030.cnf,uf175-753,SAT,410720,15275,26.8884,ok
kissat,uf175-018.cnf,uf175-753,SAT,94468,3433,27.5176,ok
kissat,uf175-062.cnf,uf175-753,SAT,25870,1280,20.2109,ok
kissat,uf175-036.cnf,uf175-753,SAT,254978,9240,27.5950,ok
kissat,uf175-029.cnf,uf175-753,SAT,98585,4204,23.4503,ok
kissat,uf175-035.cnf,uf175-753,SAT,34222,1430,23.9315,ok
kissat,uf175-084.cnf,uf175-753,SAT,42458,2206,19.2466,ok
kissat,uf175-042.cnf,uf175-753,SAT,19086,694,27.5014,ok
kissat,uf175-093.cnf,uf175-753,SAT,319780,12494,25.5947,ok
kissat,uf175-082.cnf,uf175-753,SAT,92826,3623,25.6213,ok
kissat,uf175-048.cnf,uf175-753,SAT,93669,4580,20.4517,ok
kissat,uf175-099.cnf,uf175-753,SAT,93621,3704,25.2756,ok
kissat,uf175-087.cnf,uf175-753,SAT,94854,3722,25.4847,ok
kissat,uf175-034.cnf,uf175-753,SAT,98076,4110,23.8628,ok
kissat,uf175-04.cnf,uf175-753,SAT,94718,3838,24.6790,ok
kissat,uf175-089.cnf,uf175-753,SAT,72262,3419,21.1354,ok
kissat,uf175-049.cnf,uf175-753,SAT,18072,729,24.7901,ok
kissat,uf175-021.cnf,uf175-753,SAT,86883,3413,25.4565,ok
kissat,uf175-085.cnf,uf175-753,SAT,95676,3475,27.5327,ok
kissat,uf175-072.cnf,uf175-753,SAT,96549,4331,22.2925,ok
kissat,uf175-012.cnf,uf175-753,SAT,105825,4032,26.2463,ok
kissat,uf175-027.cnf,uf175-753,SAT,92399,3834,24.0999,ok
kissat,uf175-022.cnf,uf175-753,SAT,93956,3517,26.7148,ok
kissat,uf175-028.cnf,uf175-753,SAT,87990,3375,26.0711,ok
kissat,uf175-037.cnf,uf175-753,SAT,251745,11922,21.1160,ok
kissat,uf175-078.cnf,uf175-753,SAT,100439,4317,23.2659,ok
kissat,uf175-060.cnf,uf175-753,SAT,15234,585,26.0410,ok
kissat,uf175-07.cnf,uf175-753,SAT,89818,3298,27.2341,ok
kissat,uf200-080.cnf,uf200-860,SAT,109991,4355,25.2563,ok
kissat,uf200-06.cnf,uf200-860,SAT,119042,4156,28.6434,ok
kissat,uf200-072.cnf,uf200-860,SAT,106766,3779,28.2524,ok
kissat,uf200-025.cnf,uf200-860,SAT,81212,3330,24.3880,ok
kissat,uf200-027.cnf,uf200-860,SAT,104787,3576,29.3029,ok
kissat,uf200-038.cnf,uf200-860,SAT,99811,3539,28.2032,ok
kissat,uf200-032.cnf,uf200-860,SAT,405378,15186,26.6942,ok
kissat,uf200-098.cnf,uf200-860,SAT,127606,4433,28.7855,ok
kissat,uf200-086.cnf,uf200-860,SAT,107050,3929,27.2461,ok
kissat,uf200-097.cnf,uf200-860,SAT,100427,3512,28.5954,ok
kissat,uf200-075.cnf,uf200-860,SAT,978249,37802,25.8782,ok
kissat,uf200-042.cnf,uf200-860,SAT,108658,4202,25.8586,ok
kissat,uf200-050.cnf,uf200-860,SAT,103582,3922,26.4105,ok
kissat,uf200-078.cnf,uf200-860,SAT,110744,4802,23.0621,ok
kissat,uf200-073.cnf,uf200-860,SAT,82545,2774,29.7567,ok
kissat,uf200-081.cnf,uf200-860,SAT,121769,4192,29.0479,ok
kissat,uf200-053.cnf,uf200-860,SAT,105690,3670,28.7984,ok
kissat,uf200-016.cnf,uf200-860,SAT,106100,3672,28.8943,ok
kissat,uf200-035.cnf,uf200-860,SAT,502614,18903,26.5891,ok
kissat,uf200-095.cnf,uf200-860,SAT,108521,3815,28.4459,ok
kissat,uf200-020.cnf,uf200-860,SAT,611268,22052,27.7194,ok
kissat,uf200-024.cnf,uf200-860,SAT,272885,7969,34.2433,ok
kissat,uf200-01.cnf,uf200-860,SAT,311189,12926,24.0747,ok
kissat,uf200-067.cnf,uf200-860,SAT,25524,846,30.1702,ok
kissat,uf200-039.cnf,uf200-860,SAT,340422,12070,28.2040,ok
kissat,uf200-084.cnf,uf200-860,SAT,90050,3669,24.5435,ok
kissat,uf200-068.cnf,uf200-860,SAT,885358,32923,26.8918,ok
kissat,uf200-062.cnf,uf200-860,SAT,111985,3946,28.3794,ok
kissat,uf200-022.cnf,uf200-860,SAT,107712,4273,25.2076,ok
kissat,uf200-063.cnf,uf200-860,SAT,432097,16922,25.5346,ok
kissat,uf200-029.cnf,uf200-860,SAT,639082,25089,25.4726,ok
kissat,uf200-099.cnf,uf200-860,SAT,198765,7336,27.0945,ok
kissat,uf200-08.cnf,uf200-860,SAT,105517,3875,27.2302,ok
kissat,uf200-079.cnf,uf200-860,SAT,105647,4103,25.7487,ok
kissat,uf200-083.cnf,uf200-860,SAT,111057,3908,28.4179,ok
kissat,uf200-044.cnf,uf200-860,SAT,528053,22627,23.3373,ok
kissat,uf200-03.cnf,uf200-860,SAT,60394,2226,27.1312,ok
kissat,uf200-013.cnf,uf200-860,SAT,109740,4343,25.2682,ok
kissat,uf200-031.cnf,uf200-860,SAT,107253,3902,27.4867,ok
kissat,uf200-059.cnf,uf200-860,SAT,718903,25740,27.9294,ok
kissat,uf200-055.cnf,uf200-860,SAT,103939,4069,25.5441,ok
kissat,uf200-052.cnf,uf200-860,SAT,108649,4292,25.3143,ok
kissat,uf200-02.cnf,uf200-860,SAT,509031,17969,28.3283,ok
kissat,uf200-061.cnf,uf200-860,SAT,100467,3439,29.2140,ok
kissat,uf200-015.cnf,uf200-860,SAT,212208,6617,32.0701,ok
kissat,uf200-010.cnf,uf200-860,SAT,84029,2843,29.5565,ok
kissat,uf200-094.cnf,uf200-860,SAT,100648,4381,22.9738,ok
kissat,uf200-048.cnf,uf200-860,SAT,595757,20279,29.3780,ok
kissat,uf200-043.cnf,uf200-860,SAT,99061,3724,26.6007,ok
kissat,uf200-070.cnf,uf200-860,SAT,101098,3756,26.9164,ok
kissat,uf225-03.cnf,uf225-960,SAT,637609,21547,29.5915,ok
kissat,uf225-080.cnf,uf225-960,SAT,135720,4175,32.5078,ok
kissat,uf225-054.cnf,uf225-960,SAT,1276672,49981,25.5431,ok
kissat,uf225-08.cnf,uf225-960,SAT,111879,3728,30.0105,ok
kissat,uf225-019.cnf,uf225-960,SAT,2060670,75287,27.3709,ok
kissat,uf225-020.cnf,uf225-960,SAT,115910,4319,26.8372,ok
kissat,uf225-017.cnf,uf225-960,SAT,8720,270,32.2963,ok
kissat,uf225-060.cnf,uf225-960,SAT,122026,5147,23.7082,ok
kissat,uf225-011.cnf,uf225-960,SAT,113634,3885,29.2494,ok
kissat,uf225-014.cnf,uf225-960,SAT,111660,3676,30.3754,ok
kissat,uf225-075.cnf,uf225-960,SAT,662685,20221,32.7721,ok
kissat,uf225-089.cnf,uf225-960,SAT,110399,3542,31.1685,ok
kissat,uf225-012.cnf,uf225-960,SAT,115508,4154,27.8065,ok
kissat,uf225-035.cnf,uf225-960,SAT,114892,4020,28.5801,ok
kissat,uf225-091.cnf,uf225-960,SAT,676266,20839,32.4519,ok
kissat,uf225-033.cnf,uf225-960,SAT,1095571,37534,29.1888,ok
kissat,uf225-083.cnf,uf225-960,SAT,116314,3887,29.9238,ok
kissat,uf225-067.cnf,uf225-960,SAT,120019,4436,27.0557,ok
kissat,uf225-090.cnf,uf225-960,SAT,114887,3973,28.9169,ok
kissat,uf225-023.cnf,uf225-960,SAT,653851,22037,29.6706,ok
kissat,uf225-079.cnf,uf225-960,SAT,115105,4071,28.2744,ok
kissat,uf225-037.cnf,uf225-960,SAT,115352,4738,24.3461,ok
kissat,uf225-041.cnf,uf225-960,SAT,1583433,60730,26.0733,ok
kissat,uf225-055.cnf,uf225-960,SAT,60200,2089,28.8176,ok
kissat,uf225-039.cnf,uf225-960,SAT,649898,25453,25.5333,ok
kissat,uf225-058.cnf,uf225-960,SAT,1062340,37518,28.3155,ok
kissat,uf225-049.cnf,uf225-960,SAT,109723,3780,29.0272,ok
kissat,uf225-072.cnf,uf225-960,SAT,408783,14636,27.9300,ok
kissat,uf225-059.cnf,uf225-960,SAT,1000690,42164,23.7333,ok
kissat,uf225-057.cnf,uf225-960,SAT,1843828,76617,24.0655,ok
kissat,uf225-084.cnf,uf225-960,SAT,1111159,45955,24.1793,ok
kissat,uf225-04.cnf,uf225-960,SAT,1017362,38299,26.5637,ok
kissat,uf225-031.cnf,uf225-960,SAT,118967,3945,30.1564,ok
kissat,uf225-0100.cnf,uf225-960,SAT,996474,35777,27.8524,ok
kissat,uf225-050.cnf,uf225-960,SAT,117647,4447,26.4554,ok
kissat,uf225-065.cnf,uf225-960,SAT,111970,4014,27.8949,ok
kissat,uf225-034.cnf,uf225-960,SAT,345924,12892,26.8325,ok
kissat,uf225-021.cnf,uf225-960,SAT,118801,3788,31.3625,ok
kissat,uf225-085.cnf,uf225-960,SAT,1695614,60957,27.8166,ok
kissat,uf225-070.cnf,uf225-960,SAT,793845,27171,29.2166,ok
kissat,uf225-095.cnf,uf225-960,SAT,117175,4203,27.8789,ok
kissat,uf225-02.cnf,uf225-960,SAT,61974,1946,31.8469,ok
kissat,uf225-043.cnf,uf225-960,SAT,121119,4207,28.7899,ok
kissat,uf225-01.cnf,uf225-960,SAT,120431,4673,25.7717,ok
kissat,uf225-069.cnf,uf225-960,SAT,232659,8157,28.5226,ok
kissat,uf225-046.cnf,uf225-960,SAT,114286,3912,29.2142,ok
kissat,uf225-092.cnf,uf225-960,SAT,111444,3662,30.4326,ok
kissat,uf225-051.cnf,uf225-960,SAT,114191,3494,32.6820,ok
kissat,uf225-030.cnf,uf225-960,SAT,115420,4582,25.1899,ok
kissat,uf225-073.cnf,uf225-960,SAT,687126,28042,24.5035,ok
kissat,uf250-062.cnf,uf250-1065,SAT,117908,3587,32.8709,ok
kissat,uf250-039.cnf,uf250-1065,SAT,124080,3978,31.1916,ok
kissat,uf250-014.cnf,uf250-1065,SAT,725546,25858,28.0589,ok
kissat,uf250-052.cnf,uf250-1065,SAT,821208,27067,30.3398,ok
kissat,uf250-071.cnf,uf250-1065,SAT,722064,24167,29.8781,ok
kissat,uf250-066.cnf,uf250-1065,SAT,658730,21995,29.9491,ok
kissat,uf250-064.cnf,uf250-1065,SAT,1057892,41135,25.7176,ok
kissat,uf250-089.cnf,uf250-1065,SAT,119444,3955,30.2008,ok
kissat,uf250-077.cnf,uf250-1065,SAT,2804390,101215,27.7073,ok
kissat,uf250-011.cnf,uf250-1065,SAT,7344916,282490,26.0006,ok
kissat,uf250-015.cnf,uf250-1065,SAT,150038,6130,24.4760,ok
kissat,uf250-034.cnf,uf250-1065,SAT,695721,20150,34.5271,ok
kissat,uf250-036.cnf,uf250-1065,SAT,131277,5084,25.8216,ok
kissat,uf250-056.cnf,uf250-1065,SAT,130569,4135,31.5765,ok
kissat,uf250-053.cnf,uf250-1065,SAT,129670,4856,26.7030,ok
kissat,uf250-082.cnf,uf250-1065,SAT,125933,3884,32.4235,ok
kissat,uf250-050.cnf,uf250-1065,SAT,866427,26763,32.3741,ok
kissat,uf250-047.cnf,uf250-1065,SAT,1143216,42754,26.7394,ok
kissat,uf250-055.cnf,uf250-1065,SAT,128418,4039,31.7945,ok
kissat,uf250-012.cnf,uf250-1065,SAT,125153,4885,25.6199,ok
kissat,uf250-067.cnf,uf250-1065,SAT,2986037,119244,25.0414,ok
kissat,uf250-081.cnf,uf250-1065,SAT,121997,3869,31.5319,ok
kissat,uf250-065.cnf,uf250-1065,SAT,1149989,44371,25.9176,ok
kissat,uf250-096.cnf,uf250-1065,SAT,119223,3542,33.6598,ok
kissat,uf250-070.cnf,uf250-1065,SAT,123748,4249,29.1240,ok
kissat,uf250-044.cnf,uf250-1065,SAT,139707,4664,29.9543,ok
kissat,uf250-095.cnf,uf250-1065,SAT,127213,4036,31.5196,ok
kissat,uf250-059.cnf,uf250-1065,SAT,120314,3725,32.2991,ok
kissat,uf250-029.cnf,uf250-1065,SAT,4565984,182713,24.9899,ok
kissat,uf250-057.cnf,uf250-1065,SAT,2534922,94965,26.6932,ok
kissat,uf250-086.cnf,uf250-1065,SAT,1986355,73476,27.0341,ok
kissat,uf250-075.cnf,uf250-1065,SAT,353760,13147,26.9080,ok
kissat,uf250-028.cnf,uf250-1065,SAT,642887,19917,32.2783,ok
kissat,uf250-074.cnf,uf250-1065,SAT,121744,3536,34.4299,ok
kissat,uf250-017.cnf,uf250-1065,SAT,121051,4192,28.8767,ok
kissat,uf250-016.cnf,uf250-1065,SAT,419382,11971,35.0332,ok
kissat,uf250-094.cnf,uf250-1065,SAT,3693221,137000,26.9578,ok
kissat,uf250-025.cnf,uf250-1065,SAT,121290,4182,29.0029,ok
kissat,uf250-042.cnf,uf250-1065,SAT,129656,4822,26.8884,ok
kissat,uf250-09.cnf,uf250-1065,SAT,127407,4428,28.7730,ok
kissat,uf250-020.cnf,uf250-1065,SAT,124431,4149,29.9906,ok
kissat,uf250-019.cnf,uf250-1065,SAT,122937,3737,32.8972,ok
kissat,uf250-04.cnf,uf250-1065,SAT,131374,4786,27.4496,ok
kissat,uf250-061.cnf,uf250-1065,SAT,117613,3712,31.6845,ok
kissat,uf250-097.cnf,uf250-1065,SAT,787434,22806,34.5275,ok
kissat,uf250-099.cnf,uf250-1065,SAT,1129497,43901,25.7283,ok
kissat,uf250-035.cnf,uf250-1065,SAT,124185,3974,31.2494,ok
kissat,uf250-080.cnf,uf250-1065,SAT,128690,3878,33.1846,ok
kissat,uf250-05.cnf,uf250-1065,SAT,2899493,111724,25.9523,ok
kissat,uf250-037.cnf,uf250-1065,SAT,125084,3783,33.0648,ok
,312738,11670,26.7985,ok
cadical,uf200-087.cnf,uf200-860,SAT,517067,20161,25.6469,ok
cadical,uf200-019.cnf,uf200-860,SAT,951315,34255,27.7716,ok
cadical,uf225-03.cnf,uf225-960,SAT,864326,32779,26.3683,ok
cadical,uf225-080.cnf,uf225-960,SAT,846271,32190,26.2899,ok
cadical,uf225-054.cnf,uf225-960,SAT,656839,21464,30.6019,ok
cadical,uf225-08.cnf,uf225-960,SAT,1127978,39333,28.6776,ok
cadical,uf225-019.cnf,uf225-960,SAT,1105967,37796,29.2615,ok
cadical,uf225-020.cnf,uf225-960,SAT,606687,19272,31.4802,ok
cadical,uf225-017.cnf,uf225-960,SAT,830423,31926,26.0109,ok
cadical,uf225-060.cnf,uf225-960,SAT,500002,17224,29.0294,ok
cadical,uf225-011.cnf,uf225-960,SAT,659396,24968,26.4096,ok
cadical,uf225-014.cnf,uf225-960,SAT,641042,21985,29.1582,ok
cadical,uf225-075.cnf,uf225-960,SAT,841969,30323,27.7667,ok
cadical,uf225-089.cnf,uf225-960,SAT,350351,12457,28.1248,ok
cadical,uf225-012.cnf,uf225-960,SAT,1128180,36582,30.8398,ok
cadical,uf225-035.cnf,uf225-960,SAT,529632,17365,30.5000,ok
cadical,uf225-091.cnf,uf225-960,SAT,814857,31779,25.6414,ok
cadical,uf225-033.cnf,uf225-960,SAT,971841,38161,25.4669,ok
cadical,uf225-083.cnf,uf225-960,SAT,106745,3261,32.7338,ok
cadical,uf225-067.cnf,uf225-960,SAT,226881,7010,32.3653,ok
cadical,uf225-090.cnf,uf225-960,SAT,644051,23591,27.3007,ok
cadical,uf225-023.cnf,uf225-960,SAT,870367,30344,28.6833,ok
cadical,uf225-079.cnf,uf225-960,SAT,464445,15351,30.2550,ok
cadical,uf225-037.cnf,uf225-960,SAT,541378,19981,27.0946,ok
cadical,uf225-041.cnf,uf225-960,SAT,557430,19982,27.8966,ok
cadical,uf225-055.cnf,uf225-960,SAT,513415,20082,25.5659,ok
cadical,uf225-039.cnf,uf225-960,SAT,1977087,72084,27.4275,ok
cadical,uf225-058.cnf,uf225-960,SAT,546761,17747,30.8086,ok
cadical,uf225-049.cnf,uf225-960,SAT,612240,20101,30.4582,ok
cadical,uf225-072.cnf,uf225-960,SAT,262633,7617,34.4798,ok
cadical,uf225-059.cnf,uf225-960,SAT,665021,24582,27.0532,ok
cadical,uf225-057.cnf,uf225-960,SAT,1104521,39294,28.1092,ok
cadical,uf225-084.cnf,uf225-960,SAT,3529054,132201,26.6946,ok
cadical,uf225-04.cnf,uf225-960,SAT,842225,29448,28.6004,ok
cadical,uf225-031.cnf,uf225-960,SAT,1196676,42875,27.9108,ok
cadical,uf225-0100.cnf,uf225-960,SAT,3052366,108710,28.0781,ok
cadical,uf225-050.cnf,uf225-960,SAT,543333,20748,26.1872,ok
cadical,uf225-065.cnf,uf225-960,SAT,604705,18114,33.3833,ok
cadical,uf225-034.cnf,uf225-960,SAT,545797,17359,31.4417,ok
cadical,uf225-021.cnf,uf225-960,SAT,549009,21052,26.0787,ok
cadical,uf225-085.cnf,uf225-960,SAT,619387,21789,28.4266,ok
cadical,uf225-070.cnf,uf225-960,SAT,862073,33293,25.8935,ok
cadical,uf225-095.cnf,uf225-960,SAT,582253,17931,32.4719,ok
cadical,uf225-02.cnf,uf225-960,SAT,89470,3187,28.0734,ok
cadical,uf225-043.cnf,uf225-960,SAT,209622,9335,22.4555,ok
cadical,uf225-01.cnf,uf225-960,SAT,882955,30424,29.0217,ok
cadical,uf225-069.cnf,uf225-960,SAT,1087968,34645,31.4033,ok
cadical,uf225-046.cnf,uf225-960,SAT,1144293,38936,29.3891,ok
cadical,uf225-092.cnf,uf225-960,SAT,540364,18208,29.6773,ok
cadical,uf225-051.cnf,uf225-960,SAT,563062,17547,32.0888,ok
cadical,uf225-030.cnf,uf225-960,SAT,13614,430,31.6605,ok
cadical,uf225-073.cnf,uf225-960,SAT,494841,16509,29.9740,ok
cadical,uf225-076.cnf,uf225-960,SAT,855367,31156,27.4543,ok
cadical,uf225-016.cnf,uf225-960,SAT,731373,25056,29.1895,ok
cadical,uf225-071.cnf,uf225-960,SAT,139984,6858,20.4118,ok
cadical,uf225-045.cnf,uf225-960,SAT,835046,30809,27.1040,ok
cadical,uf225-042.cnf,uf225-960,SAT,302194,10146,29.7845,ok
cadical,uf225-062.cnf,uf225-960,SAT,554248,20606,26.8974,ok
cadical,uf225-088.cnf,uf225-960,SAT,69770,2446,28.5241,ok
cadical,uf225-025.cnf,uf225-960,SAT,342629,12289,27.8810,ok
cadical,uf225-077.cnf,uf225-960,SAT,479404,16299,29.4131,ok
cadical,uf225-082.cnf,uf225-960,SAT,549435,21799,25.2046,ok
cadical,uf225-066.cnf,uf225-960,SAT,1263137,44121,28.6289,ok
cadical,uf225-064.cnf,uf225-960,SAT,261662,7697,33.9953,ok
cadical,uf225-052.cnf,uf225-960,SAT,240722,7066,34.0676,ok
cadical,uf225-036.cnf,uf225-960,SAT,316497,9380,33.7417,ok
cadical,uf225-024.cnf,uf225-960,SAT,866700,34234,25.3169,ok
cadical,uf225-040.cnf,uf225-960,SAT,678689,26573,25.5405,ok
cadical,uf225-013.cnf,uf225-960,SAT,95980,2884,33.2802,ok
cadical,uf225-047.cnf,uf225-960,SAT,839460,32472,25.8518,ok
cadical,uf225-018.cnf,uf225-960,SAT,316068,10714,29.5005,ok
cadical,uf225-061.cnf,uf225-960,SAT,2051074,72761,28.1892,ok
cadical,uf225-081.cnf,uf225-960,SAT,315318,9299,33.9088,ok
cadical,uf225-026.cnf,uf225-960,SAT,505947,16361,30.9240,ok
cadical,uf225-086.cnf,uf225-960,SAT,573981,18122,31.6732,ok
cadical,uf225-053.cnf,uf225-960,SAT,1129139,43521,25.9447,ok
cadical,uf225-099.cnf,uf225-960,SAT,63042,1841,34.2433,ok
cadical,uf225-044.cnf,uf225-960,SAT,179148,5892,30.4053,ok
cadical,uf225-068.cnf,uf225-960,SAT,1131132,37751,29.9630,ok
cadical,uf225-096.cnf,uf225-960,SAT,1035200,36576,28.3027,ok
cadical,uf225-056.cnf,uf225-960,SAT,1043295,38350,27.2046,ok
cadical,uf225-097.cnf,uf225-960,SAT,893117,34147,26.1551,ok
cadical,uf225-010.cnf,uf225-960,SAT,198852,6589,30.1794,ok
cadical,uf225-029.cnf,uf225-960,SAT,601738,18277,32.9232,ok
cadical,uf225-06.cnf,uf225-960,SAT,850336,30146,28.2073,ok
cadical,uf225-078.cnf,uf225-960,SAT,560109,19050,29.4020,ok
cadical,uf225-022.cnf,uf225-960,SAT,825881,28115,29.3751,ok
cadical,uf225-038.cnf,uf225-960,SAT,1355809,45749,29.6358,ok
cadical,uf225-07.cnf,uf225-960,SAT,292062,8078,36.1552,ok
cadical,uf225-048.cnf,uf225-960,SAT,561348,20742,27.0633,ok
cadical,uf225-094.cnf,uf225-960,SAT,1409059,55910,25.2023,ok
cadical,uf225-027.cnf,uf225-960,SAT,1020147,38153,26.7383,ok
cadical,uf225-098.cnf,uf225-960,SAT,820020,26359,31.1097,ok
cadical,uf225-015.cnf,uf225-960,SAT,616753,20584,29.9627,ok
cadical,uf225-032.cnf,uf225-960,SAT,1271228,48496,26.2130,ok
cadical,uf225-087.cnf,uf225-960,SAT,298668,8783,34.0052,ok
cadical,uf225-09.cnf,uf225-960,SAT,2185339,73983,29.5384,ok
cadical,uf225-028.cnf,uf225-960,SAT,308761,9869,31.2859,ok
cadical,uf225-074.cnf,uf225-960,SAT,612911,23079,26.5571,ok
cadical,uf225-063.cnf,uf225-960,SAT,421517,12308,34.2474,ok
cadical,uf225-093.cnf,uf225-960,SAT,506833,17695,28.6427,ok
cadical,uf225-05.cnf,uf225-960,SAT,139685,4489,31.1172,ok
cadical,uf250-062.cnf,uf250-1065,SAT,895616,31746,28.2119,ok
cadical,uf250-039.cnf,uf250-1065,SAT,1235842,33465,36.9294,ok
cadical,uf250-014.cnf,uf250-1065,SAT,927340,30963,29.9499,ok
cadical,uf250-052.cnf,uf250-1065,SAT,1179822,40364,29.2296,ok
cadical,uf250-071.cnf,uf250-1065,SAT,905589,30758,29.4424,ok
cadical,uf250-066.cnf,uf250-1065,SAT,658493,19540,33.6997,ok
cadical,uf250-064.cnf,uf250-1065,SAT,533047,17652,30.1975,ok
cadical,uf250-089.cnf,uf250-1065,SAT,552146,18014,30.6509,ok
cadical,uf250-077.cnf,uf250-1065,SAT,346946,11344,30.5841,ok
cadical,uf250-011.cnf,uf250-1065,SAT,3816726,125804,30.3387,ok
cadical,uf250-015.cnf,uf250-1065,SAT,557894,20001,27.8933,ok
cadical,uf250-034.cnf,uf250-1065,SAT,1551212,52323,29.6468,ok
cadical,uf250-036.cnf,uf250-1065,SAT,1173472,43859,26.7556,ok
cadical,uf250-056.cnf,uf250-1065,SAT,1236192,45710,27.0442,ok
cadical,uf250-053.cnf,uf250-1065,SAT,996858,32142,31.0142,ok
cadical,uf250-082.cnf,uf250-1065,SAT,1034019,30753,33.6234,ok
cadical,uf250-050.cnf,uf250-1065,SAT,1194483,34107,35.0216,ok
cadical,uf250-047.cnf,uf250-1065,SAT,1202093,37121,32.3831,ok
cadical,uf250-055.cnf,uf250-1065,SAT,1253087,42932,29.1877,ok
cadical,uf250-012.cnf,uf250-1065,SAT,909568,33522,27.1335,ok
cadical,uf250-067.cnf,uf250-1065,SAT,2281788,82153,27.7749,ok
cadical,uf250-081.cnf,uf250-1065,SAT,1204169,34189,35.2209,ok
cadical,uf250-065.cnf,uf250-1065,SAT,1225736,44079,27.8077,ok
cadical,uf250-096.cnf,uf250-1065,SAT,1196387,40114,29.8247,ok
cadical,uf250-070.cnf,uf250-1065,SAT,1185891,39927,29.7015,ok
cadical,uf250-044.cnf,uf250-1065,SAT,571329,16667,34.2791,ok
cadical,uf250-095.cnf,uf250-1065,SAT,1072133,34548,31.0331,ok
cadical,uf250-059.cnf,uf250-1065,SAT,1184435,38779,30.5432,ok
cadical,uf250-029.cnf,uf250-1065,SAT,643844,22329,28.8344,ok
cadical,uf250-057.cnf,uf250-1065,SAT,1204408,44324,27.1728,ok
cadical,uf250-086.cnf,uf250-1065,SAT,1547664,51627,29.9778,ok
cadical,uf250-075.cnf,uf250-1065,SAT,1210136,41683,29.0319,ok
cadical,uf250-028.cnf,uf250-1065,SAT,1242306,38440,32.3181,ok
cadical,uf250-074.cnf,uf250-1065,SAT,1045613,31817,32.8633,ok
cadical,uf250-017.cnf,uf250-1065,SAT,877299,30303,28.9509,ok
cadical,uf250-016.cnf,uf250-1065,SAT,1224684,41588,29.4480,ok
cadical,uf250-094.cnf,uf250-1065,SAT,1928558,59214,32.5693,ok
cadical,uf250-025.cnf,uf250-1065,SAT,1034003,35603,29.0426,ok
cadical,uf250-042.cnf,uf250-1065,SAT,150968,4643,32.5152,ok
cadical,uf250-09.cnf,uf250-1065,SAT,95179,2915,32.6515,ok
cadical,uf250-020.cnf,uf250-1065,SAT,1177508,38601,30.5046,ok
cadical,uf250-019.cnf,uf250-1065,SAT,714510,25094,28.4733,ok
cadical,uf250-04.cnf,uf250-1065,SAT,380544,10397,36.6013,ok
cadical,uf250-061.cnf,uf250-1065,SAT,140053,4372,32.0341,ok
cadical,uf250-097.cnf,uf250-1065,SAT,583038,21553,27.0514,ok
cadical,uf250-099.cnf,uf250-1065,SAT,1200921,39606,30.3217,ok
cadical,uf250-035.cnf,uf250-1065,SAT,370601,12481,29.6932,ok
cadical,uf250-080.cnf,uf250-1065,SAT,1210997,38042,31.8332,ok
cadical,uf250-05.cnf,uf250-1065,SAT,1206331,40691,29.6461,ok
cadical,uf250-037.cnf,uf250-1065,SAT,188871,5631,33.5413,ok
cadical,uf250-046.cnf,uf250-1065,SAT,1244549,41804,29.7711,ok
cadical,uf250-085.cnf,uf250-1065,SAT,595805,19468,30.6043,ok
cadical,uf250-072.cnf,uf250-1065,SAT,893966,27608,32.3807,ok
cadical,uf250-051.cnf,uf250-1065,SAT,1199934,43898,27.3346,ok
cadical,uf250-06.cnf,uf250-1065,SAT,484777,18972,25.5522,ok
cadical,uf250-073.cnf,uf250-1065,SAT,1215843,38409,31.6552,ok
cadical,uf250-058.cnf,uf250-1065,SAT,2827184,99980,28.2775,ok
cadical,uf250-041.cnf,uf250-1065,SAT,882452,33901,26.0303,ok
cadical,uf250-083.cnf,uf250-1065,SAT,596348,22006,27.0993,ok
cadical,uf250-027.cnf,uf250-1065,SAT,936283,37299,25.1021,ok
cadical,uf250-092.cnf,uf250-1065,SAT,868272,29537,29.3961,ok
cadical,uf250-023.cnf,uf250-1065,SAT,1211963,40130,30.2009,ok
cadical,uf250-048.cnf,uf250-1065,SAT,626644,19516,32.1092,ok
cadical,uf250-032.cnf,uf250-1065,SAT,3261420,117216,27.8240,ok
cadical,uf250-068.cnf,uf250-1065,SAT,669025,19902,33.6160,ok
cadical,uf250-013.cnf,uf250-1065,SAT,1186896,40106,29.5940,ok
cadical,uf250-088.cnf,uf250-1065,SAT,554994,15527,35.7438,ok
cadical,uf250-078.cnf,uf250-1065,SAT,488758,13811,35.3890,ok
cadical,uf250-026.cnf,uf250-1065,SAT,930682,32495,28.6408,ok
cadical,uf250-076.cnf,uf250-1065,SAT,1199735,43899,27.3294,ok
cadical,uf250-049.cnf,uf250-1065,SAT,557342,20953,26.5996,ok
cadical,uf250-069.cnf,uf250-1065,SAT,692600,22086,31.3592,ok
cadical,uf250-024.cnf,uf250-1065,SAT,3317679,132475,25.0438,ok
cadical,uf250-038.cnf,uf250-1065,SAT,1227172,42896,28.6081,ok
cadical,uf250-021.cnf,uf250-1065,SAT,278935,8181,34.0955,ok
cadical,uf250-060.cnf,uf250-1065,SAT,1535276,52812,29.0706,ok
cadical,uf250-093.cnf,uf250-1065,SAT,3874496,149891,25.8488,ok
cadical,uf250-0100.cnf,uf250-1065,SAT,5130939,182429,28.1257,ok
cadical,uf250-018.cnf,uf250-1065,SAT,1202168,33831,35.5345,ok
cadical,uf250-054.cnf,uf250-1065,SAT,717637,20078,35.7425,ok
cadical,uf250-063.cnf,uf250-1065,SAT,785233,25714,30.5372,ok
cadical,uf250-090.cnf,uf250-1065,SAT,1514951,52575,28.8150,ok
cadical,uf250-03.cnf,uf250-1065,SAT,2170283,79593,27.2673,ok
cadical,uf250-040.cnf,uf250-1065,SAT,1226945,41119,29.8389,ok
cadical,uf250-043.cnf,uf250-1065,SAT,1029076,31725,32.4374,ok
cadical,uf250-031.cnf,uf250-1065,SAT,706728,21259,33.2437,ok
cadical,uf250-084.cnf,uf250-1065,SAT,1235079,43844,28.1699,ok
cadical,uf250-079.cnf,uf250-1065,SAT,326452,9101,35.8699,ok
cadical,uf250-022.cnf,uf250-1065,SAT,1221874,42152,28.9873,ok
cadical,uf250-030.cnf,uf250-1065,SAT,1108580,32328,34.2916,ok
cadical,uf250-02.cnf,uf250-1065,SAT,1201342,37795,31.7857,ok
cadical,uf250-08.cnf,uf250-1065,SAT,1095596,35037,31.2697,ok
cadical,uf250-07.cnf,uf250-1065,SAT,1210454,42176,28.7001,ok
cadical,uf250-087.cnf,uf250-1065,SAT,1180428,39541,29.8533,ok
cadical,uf250-098.cnf,uf250-1065,SAT,584796,21282,27.4784,ok
cadical,uf250-091.cnf,uf250-1065,SAT,560720,16859,33.2594,ok
cadical,uf250-010.cnf,uf250-1065,SAT,1247423,38588,32.3267,ok
cadical,uf250-033.cnf,uf250-1065,SAT,626423,17702,35.3871,ok
cadical,uf250-01.cnf,uf250-1065,SAT,603059,22405,26.9163,ok
cadical,uf250-045.cnf,uf250-1065,SAT,607309,18309,33.1700,ok
kissat,uf175-03.cnf,uf175-753,SAT,17294,627,27.5821,ok
kissat,uf175-016.cnf,uf175-753,SAT,96949,3669,26.4238,ok
kissat,uf175-019.cnf,uf175-753,SAT,95277,3506,27.1754,ok
kissat,uf175-015.cnf,uf175-753,SAT,10736,403,26.6402,ok
kissat,uf175-052.cnf,uf175-753,SAT,97667,3645,26.7948,ok
kissat,uf175-020.cnf,uf175-753,SAT,112703,3985,28.2818,ok
kissat,uf175-010.cnf,uf175-753,SAT,95743,3648,26.2453,ok
kissat,uf175-091.cnf,uf175-753,SAT,93495,3303,28.3061,ok
kissat,uf175-094.cnf,uf175-753,SAT,205975,8803,23.3983,ok
kissat,uf175-058.cnf,uf175-753,SAT,85604,3335,25.6684,ok
kissat,uf175-023.cnf,uf175-753,SAT,499537,16863,29.6233,ok
kissat,uf175-066.cnf,uf175-753,SAT,456592,17414,26.2198,ok
kissat,uf175-056.cnf,uf175-753,SAT,42698,1596,26.7531,ok
kissat,uf175-046.cnf,uf175-753,SAT,96500,3751,25.7265,ok
kissat,uf175-081.cnf,uf175-753,SAT,95436,3409,27.9953,ok
kissat,uf175-0100.cnf,uf175-753,SAT,96243,3580,26.8835,ok
kissat,uf175-051.cnf,uf175-753,SAT,97396,3920,24.8459,ok
kissat,uf175-088.cnf,uf175-753,SAT,101247,5411,18.7113,ok
kissat,uf175-08.cnf,uf175-753,SAT,96243,3722,25.8579,ok
kissat,uf175-069.cnf,uf175-753,SAT,452270,19194,23.5631,ok
kissat,uf175-026.cnf,uf175-753,SAT,143426,5228,27.4342,ok
kissat,uf175-014.cnf,uf175-753,SAT,112717,4388,25.6876,ok
kissat,uf175-030.cnf,uf175-753,SAT,410720,15275,26.8884,ok
kissat,uf175-018.cnf,uf175-753,SAT,94468,3433,27.5176,ok
kissat,uf175-062.cnf,uf175-753,SAT,25870,1280,20.2109,ok
kissat,uf175-036.cnf,uf175-753,SAT,254978,9240,27.5950,ok
kissat,uf175-029.cnf,uf175-753,SAT,98585,4204,23.4503,ok
kissat,uf175-035.cnf,uf175-753,SAT,34222,1430,23.9315,ok
kissat,uf175-084.cnf,uf175-753,SAT,42458,2206,19.2466,ok
kissat,uf175-042.cnf,uf175-753,SAT,19086,694,27.5014,ok
kissat,uf175-093.cnf,uf175-753,SAT,319780,12494,25.5947,ok
kissat,uf175-082.cnf,uf175-753,SAT,92826,3623,25.6213,ok
kissat,uf175-048.cnf,uf175-753,SAT,93669,4580,20.4517,ok
kissat,uf175-099.cnf,uf175-753,SAT,93621,3704,25.2756,ok
kissat,uf175-087.cnf,uf175-753,SAT,94854,3722,25.4847,ok
kissat,uf175-034.cnf,uf175-753,SAT,98076,4110,23.8628,ok
kissat,uf175-04.cnf,uf175-753,SAT,94718,3838,24.6790,ok
kissat,uf175-089.cnf,uf175-753,SAT,72262,3419,21.1354,ok
kissat,uf175-049.cnf,uf175-753,SAT,18072,729,24.7901,ok
kissat,uf175-021.cnf,uf175-753,SAT,86883,3413,25.4565,ok
kissat,uf175-085.cnf,uf175-753,SAT,95676,3475,27.5327,ok
kissat,uf175-072.cnf,uf175-753,SAT,96549,4331,22.2925,ok
kissat,uf175-012.cnf,uf175-753,SAT,105825,4032,26.2463,ok
kissat,uf175-027.cnf,uf175-753,SAT,92399,3834,24.0999,ok
kissat,uf175-022.cnf,uf175-753,SAT,93956,3517,26.7148,ok
kissat,uf175-028.cnf,uf175-753,SAT,87990,3375,26.0711,ok
kissat,uf175-037.cnf,uf175-753,SAT,251745,11922,21.1160,ok
kissat,uf175-078.cnf,uf175-753,SAT,100439,4317,23.2659,ok
kissat,uf175-060.cnf,uf175-753,SAT,15234,585,26.0410,ok
kissat,uf175-07.cnf,uf175-753,SAT,89818,3298,27.2341,ok
kissat,uf175-075.cnf,uf175-753,SAT,65527,2383,27.4977,ok
kissat,uf175-054.cnf,uf175-753,SAT,96364,3733,25.8141,ok
kissat,uf175-071.cnf,uf175-753,SAT,35724,1232,28.9968,ok
kissat,uf175-031.cnf,uf175-753,SAT,99571,3878,25.6759,ok
kissat,uf175-098.cnf,uf175-753,SAT,88815,3424,25.9390,ok
kissat,uf175-050.cnf,uf175-753,SAT,32515,1134,28.6728,ok
kissat,uf175-096.cnf,uf175-753,SAT,33791,1444,23.4010,ok
kissat,uf175-01.cnf,uf175-753,SAT,202512,7743,26.1542,ok
kissat,uf175-074.cnf,uf175-753,SAT,89772,3408,26.3415,ok
kissat,uf175-040.cnf,uf175-753,SAT,124134,4433,28.0023,ok
kissat,uf175-061.cnf,uf175-753,SAT,134604,5648,23.8322,ok
kissat,uf175-092.cnf,uf175-753,SAT,96622,3831,25.2211,ok
kissat,uf175-011.cnf,uf175-753,SAT,14155,501,28.2535,ok
kissat,uf175-095.cnf,uf175-753,SAT,99904,5455,18.3142,ok
kissat,uf175-06.cnf,uf175-753,SAT,139437,4734,29.4544,ok
kissat,uf175-090.cnf,uf175-753,SAT,45314,1964,23.0723,ok
kissat,uf175-032.cnf,uf175-753,SAT,93213,3356,27.7750,ok
kissat,uf175-045.cnf,uf175-753,SAT,250812,8799,28.5046,ok
kissat,uf175-059.cnf,uf175-753,SAT,235848,8105,29.0991,ok
kissat,uf175-09.cnf,uf175-753,SAT,411180,15086,27.2557,ok
kissat,uf175-077.cnf,uf175-753,SAT,92489,3543,26.1047,ok
kissat,uf175-073.cnf,uf175-753,SAT,56538,1955,28.9197,ok
kissat,uf175-063.cnf,uf175-753,SAT,94228,3945,23.8854,ok
kissat,uf175-047.cnf,uf175-753,SAT,21391,782,27.3542,ok
kissat,uf175-017.cnf,uf175-753,SAT,91142,3645,25.0047,ok
kissat,uf175-083.cnf,uf175-753,SAT,23821,857,27.7958,ok
kissat,uf175-044.cnf,uf175-753,SAT,55966,2069,27.0498,ok
kissat,uf175-025.cnf,uf175-753,SAT,96608,3867,24.9827,ok
kissat,uf175-079.cnf,uf175-753,SAT,222239,8160,27.2352,ok
kissat,uf175-070.cnf,uf175-753,SAT,86719,3214,26.9816,ok
kissat,uf175-038.cnf,uf175-753,SAT,91514,3405,26.8764,ok
kissat,uf175-080.cnf,uf175-753,SAT,95469,3411,27.9886,ok
kissat,uf175-02.cnf,uf175-753,SAT,94777,3764,25.1799,ok
kissat,uf175-086.cnf,uf175-753,SAT,48552,1824,26.6184,ok
kissat,uf175-041.cnf,uf175-753,SAT,92081,3430,26.8458,ok
kissat,uf175-024.cnf,uf175-753,SAT,97895,3926,24.9350,ok
kissat,uf175-067.cnf,uf175-753,SAT,75436,2940,25.6585,ok
kissat,uf175-033.cnf,uf175-753,SAT,471984,17209,27.4266,ok
kissat,uf175-076.cnf,uf175-753,SAT,84884,3528,24.0601,ok
kissat,uf175-05.cnf,uf175-753,SAT,244577,10020,24.4089,ok
kissat,uf175-064.cnf,uf175-753,SAT,94473,4511,20.9428,ok
kissat,uf175-043.cnf,uf175-753,SAT,14687,547,26.8501,ok
kissat,uf175-055.cnf,uf175-753,SAT,154605,5694,27.1523,ok
kissat,uf175-065.cnf,uf175-753,SAT,24194,971,24.9166,ok
kissat,uf175-068.cnf,uf175-753,SAT,319992,11195,28.5835,ok
kissat,uf175-039.cnf,uf175-753,SAT,32985,1489,22.1525,ok
kissat,uf175-013.cnf,uf175-753,SAT,9188,291,31.5739,ok
kissat,uf175-057.cnf,uf175-753,SAT,122194,4661,26.2163,ok
kissat,uf175-097.cnf,uf175-753,SAT,110942,4328,25.6335,ok
kissat,uf175-053.cnf,uf175-753,SAT,96553,3488,27.6815,ok
kissat,uf200-080.cnf,uf200-860,SAT,109991,4355,25.2563,ok
kissat,uf200-06.cnf,uf200-860,SAT,119042,4156,28.6434,ok
kissat,uf200-072.cnf,uf200-860,SAT,106766,3779,28.2524,ok
kissat,uf200-025.cnf,uf200-860,SAT,81212,3330,24.3880,ok
kissat,uf200-027.cnf,uf200-860,SAT,104787,3576,29.3029,ok
kissat,uf200-038.cnf,uf200-860,SAT,99811,3539,28.2032,ok
kissat,uf200-032.cnf,uf200-860,SAT,405378,15186,26.6942,ok
kissat,uf200-098.cnf,uf200-860,SAT,127606,4433,28.7855,ok
kissat,uf200-086.cnf,uf200-860,SAT,107050,3929,27.2461,ok
kissat,uf200-097.cnf,uf200-860,SAT,100427,3512,28.5954,ok
kissat,uf200-075.cnf,uf200-860,SAT,978249,37802,25.8782,ok
kissat,uf200-042.cnf,uf200-860,SAT,108658,4202,25.8586,ok
kissat,uf200-050.cnf,uf200-860,SAT,103582,3922,26.4105,ok
kissat,uf200-078.cnf,uf200-860,SAT,110744,4802,23.0621,ok
kissat,uf200-073.cnf,uf200-860,SAT,82545,2774,29.7567,ok
kissat,uf200-081.cnf,uf200-860,SAT,121769,4192,29.0479,ok
kissat,uf200-053.cnf,uf200-860,SAT,105690,3670,28.7984,ok
kissat,uf200-016.cnf,uf200-860,SAT,106100,3672,28.8943,ok
kissat,uf200-035.cnf,uf200-860,SAT,502614,18903,26.5891,ok
kissat,uf200-095.cnf,uf200-860,SAT,108521,3815,28.4459,ok
kissat,uf200-020.cnf,uf200-860,SAT,611268,22052,27.7194,ok
kissat,uf200-024.cnf,uf200-860,SAT,272885,7969,34.2433,ok
kissat,uf200-01.cnf,uf200-860,SAT,311189,12926,24.0747,ok
kissat,uf200-067.cnf,uf200-860,SAT,25524,846,30.1702,ok
kissat,uf200-039.cnf,uf200-860,SAT,340422,12070,28.2040,ok
kissat,uf200-084.cnf,uf200-860,SAT,90050,3669,24.5435,ok
kissat,uf200-068.cnf,uf200-860,SAT,885358,32923,26.8918,ok
kissat,uf200-062.cnf,uf200-860,SAT,111985,3946,28.3794,ok
kissat,uf200-022.cnf,uf200-860,SAT,107712,4273,25.2076,ok
kissat,uf200-063.cnf,uf200-860,SAT,432097,16922,25.5346,ok
kissat,uf200-029.cnf,uf200-860,SAT,639082,25089,25.4726,ok
kissat,uf200-099.cnf,uf200-860,SAT,198765,7336,27.0945,ok
kissat,uf200-08.cnf,uf200-860,SAT,105517,3875,27.2302,ok
kissat,uf200-079.cnf,uf200-860,SAT,105647,4103,25.7487,ok
kissat,uf200-083.cnf,uf200-860,SAT,111057,3908,28.4179,ok
kissat,uf200-044.cnf,uf200-860,SAT,528053,22627,23.3373,ok
kissat,uf200-03.cnf,uf200-860,SAT,60394,2226,27.1312,ok
kissat,uf200-013.cnf,uf200-860,SAT,109740,4343,25.2682,ok
kissat,uf200-031.cnf,uf200-860,SAT,107253,3902,27.4867,ok
kissat,uf200-059.cnf,uf200-860,SAT,718903,25740,27.9294,ok
kissat,uf200-055.cnf,uf200-860,SAT,103939,4069,25.5441,ok
kissat,uf200-052.cnf,uf200-860,SAT,108649,4292,25.3143,ok
kissat,uf200-02.cnf,uf200-860,SAT,509031,17969,28.3283,ok
kissat,uf200-061.cnf,uf200-860,SAT,100467,3439,29.2140,ok
kissat,uf200-015.cnf,uf200-860,SAT,212208,6617,32.0701,ok
kissat,uf200-010.cnf,uf200-860,SAT,84029,2843,29.5565,ok
kissat,uf200-094.cnf,uf200-860,SAT,100648,4381,22.9738,ok
kissat,uf200-048.cnf,uf200-860,SAT,595757,20279,29.3780,ok
kissat,uf200-043.cnf,uf200-860,SAT,99061,3724,26.6007,ok
kissat,uf200-070.cnf,uf200-860,SAT,101098,3756,26.9164,ok
kissat,uf200-045.cnf,uf200-860,SAT,103154,3625,28.4563,ok
kissat,uf200-041.cnf,uf200-860,SAT,36748,1228,29.9251,ok
kissat,uf200-064.cnf,uf200-860,SAT,106105,3964,26.7672,ok
kissat,uf200-091.cnf,uf200-860,SAT,682946,25322,26.9705,ok
kissat,uf200-089.cnf,uf200-860,SAT,22517,718,31.3607,ok
kissat,uf200-049.cnf,uf200-860,SAT,249754,9150,27.2955,ok
kissat,uf200-058.cnf,uf200-860,SAT,102032,3449,29.5831,ok
kissat,uf200-017.cnf,uf200-860,SAT,687882,26518,25.9402,ok
kissat,uf200-092.cnf,uf200-860,SAT,498499,19099,26.1008,ok
kissat,uf200-014.cnf,uf200-860,SAT,57947,2659,21.7928,ok
kissat,uf200-011.cnf,uf200-860,SAT,43788,1493,29.3289,ok
kissat,uf200-056.cnf,uf200-860,SAT,6964,276,25.2319,ok
kissat,uf200-085.cnf,uf200-860,SAT,105351,3576,29.4606,ok
kissat,uf200-074.cnf,uf200-860,SAT,100723,3566,28.2454,ok
kissat,uf200-028.cnf,uf200-860,SAT,106947,3667,29.1647,ok
kissat,uf200-051.cnf,uf200-860,SAT,736993,27129,27.1662,ok
kissat,uf200-034.cnf,uf200-860,SAT,116742,4845,24.0954,ok
kissat,uf200-082.cnf,uf200-860,SAT,105898,3750,28.2395,ok
kissat,uf200-04.cnf,uf200-860,SAT,149825,6134,24.4253,ok
kissat,uf200-0100.cnf,uf200-860,SAT,346463,15156,22.8598,ok
kissat,uf200-037.cnf,uf200-860,SAT,312048,12356,25.2548,ok
kissat,uf200-030.cnf,uf200-860,SAT,482971,17671,27.3313,ok
kissat,uf200-047.cnf,uf200-860,SAT,237655,7526,31.5779,ok
kissat,uf200-065.cnf,uf200-860,SAT,108947,4310,25.2777,ok
kissat,uf200-021.cnf,uf200-860,SAT,463606,18185,25.4939,ok
kissat,uf200-046.cnf,uf200-860,SAT,108489,3727,29.1089,ok
kissat,uf200-093.cnf,uf200-860,SAT,104259,3517,29.6443,ok
kissat,uf200-05.cnf,uf200-860,SAT,284365,11105,25.6069,ok
kissat,uf200-066.cnf,uf200-860,SAT,101702,3882,26.1984,ok
kissat,uf200-060.cnf,uf200-860,SAT,106485,4827,22.0603,ok
kissat,uf200-090.cnf,uf200-860,SAT,86893,3231,26.8935,ok
kissat,uf200-076.cnf,uf200-860,SAT,107471,3514,30.5837,ok
kissat,uf200-057.cnf,uf200-860,SAT,103233,3809,27.1024,ok
kissat,uf200-077.cnf,uf200-860,SAT,108571,3832,28.3327,ok
kissat,uf200-033.cnf,uf200-860,SAT,102512,3829,26.7725,ok
kissat,uf200-036.cnf,uf200-860,SAT,83639,3005,27.8333,ok
kissat,uf200-069.cnf,uf200-860,SAT,52840,1833,28.8271,ok
kissat,uf200-040.cnf,uf200-860,SAT,98121,3662,26.7944,ok
kissat,uf200-07.cnf,uf200-860,SAT,258588,10365,24.9482,ok
kissat,uf200-054.cnf,uf200-860,SAT,110008,4588,23.9773,ok
kissat,uf200-088.cnf,uf200-860,SAT,646612,21546,30.0108,ok
kissat,uf200-071.cnf,uf200-860,SAT,103521,3563,29.0544,ok
kissat,uf200-09.cnf,uf200-860,SAT,1056273,39109,27.0084,ok
kissat,uf200-018.cnf,uf200-860,SAT,106569,3584,29.7347,ok
kissat,uf200-012.cnf,uf200-860,SAT,145729,5858,24.8769,ok
kissat,uf200-026.cnf,uf200-860,SAT,102368,3457,29.6118,ok
kissat,uf200-023.cnf,uf200-860,SAT,106292,3838,27.6946,ok
kissat,uf200-096.cnf,uf200-860,SAT,106836,3650,29.2701,ok
kissat,uf200-087.cnf,uf200-860,SAT,378733,13612,27.8235,ok
kissat,uf200-019.cnf,uf200-860,SAT,426702,16368,26.0693,ok
kissat,uf225-03.cnf,uf225-960,SAT,637609,21547,29.5915,ok
kissat,uf225-080.cnf,uf225-960,SAT,135720,4175,32.5078,ok
kissat,uf225-054.cnf,uf225-960,SAT,1276672,49981,25.5431,ok
kissat,uf225-08.cnf,uf225-960,SAT,111879,3728,30.0105,ok
kissat,uf225-019.cnf,uf225-960,SAT,2060670,75287,27.3709,ok
kissat,uf225-020.cnf,uf225-960,SAT,115910,4319,26.8372,ok
kissat,uf225-017.cnf,uf225-960,SAT,8720,270,32.2963,ok
kissat,uf225-060.cnf,uf225-960,SAT,122026,5147,23.7082,ok
kissat,uf225-011.cnf,uf225-960,SAT,113634,3885,29.2494,ok
kissat,uf225-014.cnf,uf225-960,SAT,111660,3676,30.3754,ok
kissat,uf225-075.cnf,uf225-960,SAT,662685,20221,32.7721,ok
kissat,uf225-089.cnf,uf225-960,SAT,110399,3542,31.1685,ok
kissat,uf225-012.cnf,uf225-960,SAT,115508,4154,27.8065,ok
kissat,uf225-035.cnf,uf225-960,SAT,114892,4020,28.5801,ok
kissat,uf225-091.cnf,uf225-960,SAT,676266,20839,32.4519,ok
kissat,uf225-033.cnf,uf225-960,SAT,1095571,37534,29.1888,ok
kissat,uf225-083.cnf,uf225-960,SAT,116314,3887,29.9238,ok
kissat,uf225-067.cnf,uf225-960,SAT,120019,4436,27.0557,ok
kissat,uf225-090.cnf,uf225-960,SAT,114887,3973,28.9169,ok
kissat,uf225-023.cnf,uf225-960,SAT,653851,22037,29.6706,ok
kissat,uf225-079.cnf,uf225-960,SAT,115105,4071,28.2744,ok
kissat,uf225-037.cnf,uf225-960,SAT,115352,4738,24.3461,ok
kissat,uf225-041.cnf,uf225-960,SAT,1583433,60730,26.0733,ok
kissat,uf225-055.cnf,uf225-960,SAT,60200,2089,28.8176,ok
kissat,uf225-039.cnf,uf225-960,SAT,649898,25453,25.5333,ok
kissat,uf225-058.cnf,uf225-960,SAT,1062340,37518,28.3155,ok
kissat,uf225-049.cnf,uf225-960,SAT,109723,3780,29.0272,ok
kissat,uf225-072.cnf,uf225-960,SAT,408783,14636,27.9300,ok
kissat,uf225-059.cnf,uf225-960,SAT,1000690,42164,23.7333,ok
kissat,uf225-057.cnf,uf225-960,SAT,1843828,76617,24.0655,ok
kissat,uf225-084.cnf,uf225-960,SAT,1111159,45955,24.1793,ok
kissat,uf225-04.cnf,uf225-960,SAT,1017362,38299,26.5637,ok
kissat,uf225-031.cnf,uf225-960,SAT,118967,3945,30.1564,ok
kissat,uf225-0100.cnf,uf225-960,SAT,996474,35777,27.8524,ok
kissat,uf225-050.cnf,uf225-960,SAT,117647,4447,26.4554,ok
kissat,uf225-065.cnf,uf225-960,SAT,111970,4014,27.8949,ok
kissat,uf225-034.cnf,uf225-960,SAT,345924,12892,26.8325,ok
kissat,uf225-021.cnf,uf225-960,SAT,118801,3788,31.3625,ok
kissat,uf225-085.cnf,uf225-960,SAT,1695614,60957,27.8166,ok
kissat,uf225-070.cnf,uf225-960,SAT,793845,27171,29.2166,ok
kissat,uf225-095.cnf,uf225-960,SAT,117175,4203,27.8789,ok
kissat,uf225-02.cnf,uf225-960,SAT,61974,1946,31.8469,ok
kissat,uf225-043.cnf,uf225-960,SAT,121119,4207,28.7899,ok
kissat,uf225-01.cnf,uf225-960,SAT,120431,4673,25.7717,ok
kissat,uf225-069.cnf,uf225-960,SAT,232659,8157,28.5226,ok
kissat,uf225-046.cnf,uf225-960,SAT,114286,3912,29.2142,ok
kissat,uf225-092.cnf,uf225-960,SAT,111444,3662,30.4326,ok
kissat,uf225-051.cnf,uf225-960,SAT,114191,3494,32.6820,ok
kissat,uf225-030.cnf,uf225-960,SAT,115420,4582,25.1899,ok
kissat,uf225-073.cnf,uf225-960,SAT,687126,28042,24.5035,ok
kissat,uf225-076.cnf,uf225-960,SAT,111614,4171,26.7595,ok
kissat,uf225-016.cnf,uf225-960,SAT,117979,3869,30.4934,ok
kissat,uf225-071.cnf,uf225-960,SAT,119137,3973,29.9867,ok
kissat,uf225-045.cnf,uf225-960,SAT,896373,30172,29.7088,ok
kissat,uf225-042.cnf,uf225-960,SAT,1108049,43657,25.3808,ok
kissat,uf225-062.cnf,uf225-960,SAT,112152,3915,28.6467,ok
kissat,uf225-088.cnf,uf225-960,SAT,81167,2865,28.3305,ok
kissat,uf225-025.cnf,uf225-960,SAT,120324,4181,28.7788,ok
kissat,uf225-077.cnf,uf225-960,SAT,87489,3237,27.0278,ok
kissat,uf225-082.cnf,uf225-960,SAT,118087,3633,32.5040,ok
kissat,uf225-066.cnf,uf225-960,SAT,562900,18339,30.6941,ok
kissat,uf225-064.cnf,uf225-960,SAT,117074,3645,32.1191,ok
kissat,uf225-052.cnf,uf225-960,SAT,120042,4820,24.9050,ok
kissat,uf225-036.cnf,uf225-960,SAT,111799,3687,30.3225,ok
kissat,uf225-024.cnf,uf225-960,SAT,115101,3685,31.2350,ok
kissat,uf225-040.cnf,uf225-960,SAT,155796,4824,32.2960,ok
kissat,uf225-013.cnf,uf225-960,SAT,114201,3529,32.3607,ok
kissat,uf225-047.cnf,uf225-960,SAT,2162983,84730,25.5279,ok
kissat,uf225-018.cnf,uf225-960,SAT,122147,4625,26.4102,ok
kissat,uf225-061.cnf,uf225-960,SAT,118333,3955,29.9198,ok
kissat,uf225-081.cnf,uf225-960,SAT,111286,3632,30.6404,ok
kissat,uf225-026.cnf,uf225-960,SAT,106938,3663,29.1941,ok
kissat,uf225-086.cnf,uf225-960,SAT,116604,3809,30.6128,ok
kissat,uf225-053.cnf,uf225-960,SAT,1304188,55059,23.6871,ok
kissat,uf225-099.cnf,uf225-960,SAT,105769,3643,29.0335,ok
kissat,uf225-044.cnf,uf225-960,SAT,114805,3929,29.2199,ok
kissat,uf225-068.cnf,uf225-960,SAT,1041978,41091,25.3578,ok
kissat,uf225-096.cnf,uf225-960,SAT,2664648,95583,27.8778,ok
kissat,uf225-056.cnf,uf225-960,SAT,116053,3974,29.2031,ok
kissat,uf225-097.cnf,uf225-960,SAT,120093,5528,21.7245,ok
kissat,uf225-010.cnf,uf225-960,SAT,815918,30290,26.9369,ok
kissat,uf225-029.cnf,uf225-960,SAT,158400,5569,28.4432,ok
kissat,uf225-06.cnf,uf225-960,SAT,115038,4410,26.0857,ok
kissat,uf225-078.cnf,uf225-960,SAT,116174,4356,26.6699,ok
kissat,uf225-022.cnf,uf225-960,SAT,159309,6118,26.0394,ok
kissat,uf225-038.cnf,uf225-960,SAT,1281251,49261,26.0094,ok
kissat,uf225-07.cnf,uf225-960,SAT,102061,3151,32.3900,ok
kissat,uf225-048.cnf,uf225-960,SAT,118123,4137,28.5528,ok
kissat,uf225-094.cnf,uf225-960,SAT,119863,4534,26.4365,ok
kissat,uf225-027.cnf,uf225-960,SAT,550778,18019,30.5665,ok
kissat,uf225-098.cnf,uf225-960,SAT,160475,5530,29.0190,ok
kissat,uf225-015.cnf,uf225-960,SAT,112778,3633,31.0427,ok
kissat,uf225-032.cnf,uf225-960,SAT,360345,13503,26.6863,ok
kissat,uf225-087.cnf,uf225-960,SAT,120663,4477,26.9518,ok
kissat,uf225-09.cnf,uf225-960,SAT,1290751,45400,28.4306,ok
kissat,uf225-028.cnf,uf225-960,SAT,126070,4386,28.7437,ok
kissat,uf225-074.cnf,uf225-960,SAT,602327,23618,25.5029,ok
kissat,uf225-063.cnf,uf225-960,SAT,118846,3948,30.1028,ok
kissat,uf225-093.cnf,uf225-960,SAT,112643,3697,30.4688,ok
kissat,uf225-05.cnf,uf225-960,SAT,122673,4089,30.0007,ok
kissat,uf250-062.cnf,uf250-1065,SAT,117908,3587,32.8709,ok
kissat,uf250-039.cnf,uf250-1065,SAT,124080,3978,31.1916,ok
kissat,uf250-014.cnf,uf250-1065,SAT,725546,25858,28.0589,ok
kissat,uf250-052.cnf,uf250-1065,SAT,821208,27067,30.3398,ok
kissat,uf250-071.cnf,uf250-1065,SAT,722064,24167,29.8781,ok
kissat,uf250-066.cnf,uf250-1065,SAT,658730,21995,29.9491,ok
kissat,uf250-064.cnf,uf250-1065,SAT,1057892,41135,25.7176,ok
kissat,uf250-089.cnf,uf250-1065,SAT,119444,3955,30.2008,ok
kissat,uf250-077.cnf,uf250-1065,SAT,2804390,101215,27.7073,ok
kissat,uf250-011.cnf,uf250-1065,SAT,7344916,282490,26.0006,ok
kissat,uf250-015.cnf,uf250-1065,SAT,150038,6130,24.4760,ok
kissat,uf250-034.cnf,uf250-1065,SAT,695721,20150,34.5271,ok
kissat,uf250-036.cnf,uf250-1065,SAT,131277,5084,25.8216,ok
kissat,uf250-056.cnf,uf250-1065,SAT,130569,4135,31.5765,ok
kissat,uf250-053.cnf,uf250-1065,SAT,129670,4856,26.7030,ok
kissat,uf250-082.cnf,uf250-1065,SAT,125933,3884,32.4235,ok
kissat,uf250-050.cnf,uf250-1065,SAT,866427,26763,32.3741,ok
kissat,uf250-047.cnf,uf250-1065,SAT,1143216,42754,26.7394,ok
kissat,uf250-055.cnf,uf250-1065,SAT,128418,4039,31.7945,ok
kissat,uf250-012.cnf,uf250-1065,SAT,125153,4885,25.6199,ok
kissat,uf250-067.cnf,uf250-1065,SAT,2986037,119244,25.0414,ok
kissat,uf250-081.cnf,uf250-1065,SAT,121997,3869,31.5319,ok
kissat,uf250-065.cnf,uf250-1065,SAT,1149989,44371,25.9176,ok
kissat,uf250-096.cnf,uf250-1065,SAT,119223,3542,33.6598,ok
kissat,uf250-070.cnf,uf250-1065,SAT,123748,4249,29.1240,ok
kissat,uf250-044.cnf,uf250-1065,SAT,139707,4664,29.9543,ok
kissat,uf250-095.cnf,uf250-1065,SAT,127213,4036,31.5196,ok
kissat,uf250-059.cnf,uf250-1065,SAT,120314,3725,32.2991,ok
kissat,uf250-029.cnf,uf250-1065,SAT,4565984,182713,24.9899,ok
kissat,uf250-057.cnf,uf250-1065,SAT,2534922,94965,26.6932,ok
kissat,uf250-086.cnf,uf250-1065,SAT,1986355,73476,27.0341,ok
kissat,uf250-075.cnf,uf250-1065,SAT,353760,13147,26.9080,ok
kissat,uf250-028.cnf,uf250-1065,SAT,642887,19917,32.2783,ok
kissat,uf250-074.cnf,uf250-1065,SAT,121744,3536,34.4299,ok
kissat,uf250-017.cnf,uf250-1065,SAT,121051,4192,28.8767,ok
kissat,uf250-016.cnf,uf250-1065,SAT,419382,11971,35.0332,ok
kissat,uf250-094.cnf,uf250-1065,SAT,3693221,137000,26.9578,ok
kissat,uf250-025.cnf,uf250-1065,SAT,121290,4182,29.0029,ok
kissat,uf250-042.cnf,uf250-1065,SAT,129656,4822,26.8884,ok
kissat,uf250-09.cnf,uf250-1065,SAT,127407,4428,28.7730,ok
kissat,uf250-020.cnf,uf250-1065,SAT,124431,4149,29.9906,ok
kissat,uf250-019.cnf,uf250-1065,SAT,122937,3737,32.8972,ok
kissat,uf250-04.cnf,uf250-1065,SAT,131374,4786,27.4496,ok
kissat,uf250-061.cnf,uf250-1065,SAT,117613,3712,31.6845,ok
kissat,uf250-097.cnf,uf250-1065,SAT,787434,22806,34.5275,ok
kissat,uf250-099.cnf,uf250-1065,SAT,1129497,43901,25.7283,ok
kissat,uf250-035.cnf,uf250-1065,SAT,124185,3974,31.2494,ok
kissat,uf250-080.cnf,uf250-1065,SAT,128690,3878,33.1846,ok
kissat,uf250-05.cnf,uf250-1065,SAT,2899493,111724,25.9523,ok
kissat,uf250-037.cnf,uf250-1065,SAT,125084,3783,33.0648,ok
kissat,uf250-046.cnf,uf250-1065,SAT,169010,5557,30.4139,ok
kissat,uf250-085.cnf,uf250-1065,SAT,132306,5025,26.3296,ok
kissat,uf250-072.cnf,uf250-1065,SAT,2295411,84219,27.2553,ok
kissat,uf250-051.cnf,uf250-1065,SAT,1119046,38336,29.1905,ok
kissat,uf250-06.cnf,uf250-1065,SAT,1056256,29585,35.7024,ok
kissat,uf250-073.cnf,uf250-1065,SAT,123136,4891,25.1760,ok
kissat,uf250-058.cnf,uf250-1065,SAT,1763895,58096,30.3617,ok
kissat,uf250-041.cnf,uf250-1065,SAT,1040233,40108,25.9358,ok
kissat,uf250-083.cnf,uf250-1065,SAT,122901,3624,33.9131,ok
kissat,uf250-027.cnf,uf250-1065,SAT,117970,3883,30.3811,ok
kissat,uf250-092.cnf,uf250-1065,SAT,122616,4241,28.9120,ok
kissat,uf250-023.cnf,uf250-1065,SAT,1115314,43968,25.3665,ok
kissat,uf250-048.cnf,uf250-1065,SAT,3035861,122734,24.7353,ok
kissat,uf250-032.cnf,uf250-1065,SAT,1088910,39134,27.8252,ok
kissat,uf250-068.cnf,uf250-1065,SAT,117231,3676,31.8909,ok
kissat,uf250-013.cnf,uf250-1065,SAT,126846,4615,27.4856,ok
kissat,uf250-088.cnf,uf250-1065,SAT,169616,5859,28.9497,ok
kissat,uf250-078.cnf,uf250-1065,SAT,365122,11175,32.6731,ok
kissat,uf250-026.cnf,uf250-1065,SAT,2911059,110368,26.3759,ok
kissat,uf250-076.cnf,uf250-1065,SAT,2410415,85674,28.1347,ok
kissat,uf250-049.cnf,uf250-1065,SAT,98009,2866,34.1971,ok
kissat,uf250-069.cnf,uf250-1065,SAT,1103993,32660,33.8026,ok
kissat,uf250-024.cnf,uf250-1065,SAT,2075808,84733,24.4982,ok
kissat,uf250-038.cnf,uf250-1065,SAT,575349,18526,31.0563,ok
kissat,uf250-021.cnf,uf250-1065,SAT,131398,3724,35.2841,ok
kissat,uf250-060.cnf,uf250-1065,SAT,124323,4326,28.7386,ok
kissat,uf250-093.cnf,uf250-1065,SAT,2158967,79259,27.2394,ok
kissat,uf250-0100.cnf,uf250-1065,SAT,349571,10012,34.9152,ok
kissat,uf250-018.cnf,uf250-1065,SAT,2547369,93647,27.2018,ok
kissat,uf250-054.cnf,uf250-1065,SAT,4303677,160445,26.8234,ok
kissat,uf250-063.cnf,uf250-1065,SAT,125979,4019,31.3459,ok
kissat,uf250-090.cnf,uf250-1065,SAT,123202,4070,30.2708,ok
kissat,uf250-03.cnf,uf250-1065,SAT,673605,26834,25.1027,ok
kissat,uf250-040.cnf,uf250-1065,SAT,126453,3955,31.9729,ok
kissat,uf250-043.cnf,uf250-1065,SAT,2102667,74650,28.1670,ok
kissat,uf250-031.cnf,uf250-1065,SAT,1267191,41939,30.2151,ok
kissat,uf250-084.cnf,uf250-1065,SAT,126515,4004,31.5972,ok
kissat,uf250-079.cnf,uf250-1065,SAT,123036,4447,27.6672,ok
kissat,uf250-022.cnf,uf250-1065,SAT,1965962,79459,24.7418,ok
kissat,uf250-030.cnf,uf250-1065,SAT,1186483,45332,26.1732,ok
kissat,uf250-02.cnf,uf250-1065,SAT,5880889,225947,26.0277,ok
kissat,uf250-08.cnf,uf250-1065,SAT,124258,4161,29.8625,ok
kissat,uf250-07.cnf,uf250-1065,SAT,125219,4258,29.4079,ok
kissat,uf250-087.cnf,uf250-1065,SAT,1089253,42564,25.5909,ok
kissat,uf250-098.cnf,uf250-1065,SAT,1096449,41004,26.7400,ok
kissat,uf250-091.cnf,uf250-1065,SAT,129563,4104,31.5699,ok
kissat,uf250-010.cnf,uf250-1065,SAT,127395,4463,28.5447,ok
kissat,uf250-033.cnf,uf250-1065,SAT,124791,3986,31.3073,ok
kissat,uf250-01.cnf,uf250-1065,SAT,96497,2828,34.1220,ok
kissat,uf250-045.cnf,uf250-1065,SAT,1479692,52286,28.3000,ok
