solver,instance,family,result,propagations,decisions,props_per_decision,status
minisat,e0ddr2-10-by-5-1.cnf,Bejing,SAT,43670,3238,13.4867,ok
minisat,ewddr2-10-by-5-1.cnf,Bejing,SAT,11929,3363,3.5471,ok
minisat,3bitadd_31.cnf,Bejing,SAT,283407,13181,21.5012,ok
minisat,2bitadd_11.cnf,Bejing,SAT,4892,393,12.4478,ok
minisat,4blocksb.cnf,Bejing,SAT,16013,1414,11.3246,ok
minisat,2bitadd_12.cnf,Bejing,SAT,4619,408,11.3211,ok
minisat,2bitcomp_5.cnf,Bejing,SAT,75,23,3.2609,ok
minisat,e0ddr2-10-by-5-4.cnf,Bejing,SAT,10009,3673,2.7250,ok
minisat,enddr2-10-by-5-8.cnf,Bejing,SAT,11413,3435,3.3226,ok
minisat,3blocks.cnf,Bejing,SAT,2718,128,21.2344,ok
minisat,4blocks.cnf,Bejing,SAT,90572,7786,11.6327,ok
minisat,2bitmax_6.cnf,Bejing,SAT,170,53,3.2075,ok
minisat,2bitadd_10.cnf,Bejing,UNSAT,61538600,1587563,38.7629,ok
minisat,3bitadd_32.cnf,Bejing,SAT,2231426,64970,34.3455,ok
minisat,ewddr2-10-by-5-8.cnf,Bejing,SAT,12796,3131,4.0869,ok
minisat,enddr2-10-by-5-1.cnf,Bejing,SAT,11046,3350,3.2973,ok
minisat,bf1355-075.cnf,bf,UNSAT,361,0,,zero_decisions
minisat,bf2670-001.cnf,bf,UNSAT,239,11,21.7273,ok
minisat,bf0432-007.cnf,bf,UNSAT,29742,815,36.4933,ok
minisat,bf1355-638.cnf,bf,UNSAT,1068,64,16.6875,ok
minisat,huge.cnf,blocksworld,SAT,1073,31,34.6129,ok
minisat,anomaly.cnf,blocksworld,SAT,62,4,15.5000,ok
minisat,bw_large.c.cnf,blocksworld,SAT,89624,492,182.1626,ok
minisat,bw_large.a.cnf,blocksworld,SAT,1293,31,41.7097,ok
minisat,medium.cnf,blocksworld,SAT,108,7,15.4286,ok
minisat,bw_large.b.cnf,blocksworld,SAT,21622,188,115.0106,ok
minisat,bw_large.d.cnf,blocksworld,SAT,468453,1869,250.6437,ok
minisat,bmc-galileo-8.cnf,bmc,SAT,93379,1365,68.4095,ok
minisat,bmc-ibm-4.cnf,bmc,SAT,189973,2358,80.5653,ok
minisat,bmc-ibm-11.cnf,bmc,SAT,1476085,12314,119.8705,ok
minisat,bmc-ibm-3.cnf,bmc,SAT,391914,2344,167.1988,ok
minisat,bmc-ibm-13.cnf,bmc,SAT,6018801,29914,201.2035,ok
minisat,bmc-ibm-10.cnf,bmc,SAT,511236,7531,67.8842,ok
minisat,bmc-ibm-1.cnf,bmc,SAT,228507,3440,66.4265,ok
minisat,bmc-ibm-7.cnf,bmc,SAT,5852,49,119.4286,ok
minisat,bmc-ibm-2.cnf,bmc,SAT,2032,41,49.5610,ok
minisat,bmc-ibm-12.cnf,bmc,SAT,6661610,20397,326.5975,ok
minisat,bmc-ibm-5.cnf,bmc,SAT,6466,125,51.7280,ok
minisat,bmc-galileo-9.cnf,bmc,SAT,330140,4767,69.2553,ok
minisat,bmc-ibm-6.cnf,bmc,SAT,418240,10270,40.7244,ok
minisat,hanoi4.cnf,hanoi,SAT,231274,5629,41.0862,ok
minisat,hanoi5.cnf,hanoi,SAT,2113925,53156,39.7683,ok
minisat,ii8a1.cnf,inductive-inference,SAT,35,15,2.3333,ok
minisat,ii8e2.cnf,inductive-inference,SAT,1147,487,2.3552,ok
minisat,ii8e1.cnf,inductive-inference,SAT,476,254,1.8740,ok
minisat,ii32d2.cnf,inductive-inference,SAT,5975,549,10.8834,ok
minisat,ii16e2.cnf,inductive-inference,SAT,1143,97,11.7835,ok
minisat,ii32b1.cnf,inductive-inference,SAT,258,51,5.0588,ok
minisat,ii8b4.cnf,inductive-inference,SAT,1023,386,2.6503,ok
minisat,ii8d2.cnf,inductive-inference,SAT,1516,697,2.1750,ok
minisat,ii8d1.cnf,inductive-inference,SAT,475,249,1.9076,ok
minisat,ii32b2.cnf,inductive-inference,SAT,518,43,12.0465,ok
minisat,ii32d1.cnf,inductive-inference,SAT,316,37,8.5405,ok
minisat,ii32b3.cnf,inductive-inference,SAT,3895,336,11.5923,ok
minisat,ii16e1.cnf,inductive-inference,SAT,14365,3287,4.3702,ok
minisat,ii8b2.cnf,inductive-inference,SAT,488,198,2.4646,ok
minisat,ii16a2.cnf,inductive-inference,SAT,12895,507,25.4339,ok
minisat,ii32c1.cnf,inductive-inference,SAT,217,31,7.0000,ok
minisat,ii8a2.cnf,inductive-inference,SAT,168,76,2.2105,ok
minisat,ii32e3.cnf,inductive-inference,SAT,5155,503,10.2485,ok
minisat,ii32e5.cnf,inductive-inference,SAT,83716,4545,18.4194,ok
minisat,ii32b4.cnf,inductive-inference,SAT,423,38,11.1316,ok
minisat,ii32c3.cnf,inductive-inference,SAT,607,41,14.8049,ok
minisat,ii16c1.cnf,inductive-inference,SAT,2139,1005,2.1284,ok
minisat,ii8a3.cnf,inductive-inference,SAT,495,137,3.6131,ok
minisat,ii8a4.cnf,inductive-inference,SAT,680,170,4.0000,ok
minisat,ii32c4.cnf,inductive-inference,SAT,149353,6116,24.4200,ok
minisat,ii16d1.cnf,inductive-inference,SAT,3966,667,5.9460,ok
minisat,ii16b1.cnf,inductive-inference,SAT,2073,287,7.2230,ok
minisat,ii32e1.cnf,inductive-inference,SAT,212,53,4.0000,ok
minisat,ii32a1.cnf,inductive-inference,SAT,2457,127,19.3465,ok
minisat,ii32e2.cnf,inductive-inference,SAT,480,45,10.6667,ok
minisat,ii16d2.cnf,inductive-inference,SAT,888,49,18.1224,ok
minisat,ii32d3.cnf,inductive-inference,SAT,847689,35130,24.1301,ok
minisat,ii8b1.cnf,inductive-inference,SAT,284,120,2.3667,ok
minisat,ii8c2.cnf,inductive-inference,SAT,1193,559,2.1342,ok
minisat,ii32e4.cnf,inductive-inference,SAT,12251,841,14.5672,ok
minisat,ii16c2.cnf,inductive-inference,SAT,12820,359,35.7103,ok
minisat,ii16a1.cnf,inductive-inference,SAT,1915,916,2.0906,ok
minisat,ii8c1.cnf,inductive-inference,SAT,497,265,1.8755,ok
minisat,ii16b2.cnf,inductive-inference,SAT,130936,2419,54.1282,ok
minisat,ii32c2.cnf,inductive-inference,SAT,489,25,19.5600,ok
minisat,ii8b3.cnf,inductive-inference,SAT,740,305,2.4262,ok
minisat,logistics.c.cnf,logistics,SAT,13889,1880,7.3878,ok
minisat,logistics.a.cnf,logistics,SAT,2663,421,6.3254,ok
minisat,logistics.b.cnf,logistics,SAT,10403,932,11.1620,ok
minisat,logistics.d.cnf,logistics,SAT,16177,526,30.7548,ok
minisat,par16-1-c.cnf,parity,SAT,481690,7580,63.5475,ok
minisat,par8-5.cnf,parity,SAT,294,9,32.6667,ok
minisat,par32-5-c.cnf,parity,,,,,timeout
minisat,par16-2.cnf,parity,SAT,566215,8397,67.4306,ok
minisat,par8-3.cnf,parity,SAT,244,5,48.8000,ok
minisat,par32-3-c.cnf,parity,,,,,timeout
minisat,par16-4.cnf,parity,SAT,27958,584,47.8733,ok
minisat,par32-4-c.cnf,parity,,,,,timeout
minisat,par32-2-c.cnf,parity,,,,,timeout
minisat,par8-4.cnf,parity,SAT,277,9,30.7778,ok
minisat,par32-1-c.cnf,parity,,,,,timeout
minisat,par8-2-c.cnf,parity,SAT,236,27,8.7407,ok
minisat,par32-1.cnf,parity,,,,,timeout
minisat,par8-1-c.cnf,parity,SAT,438,49,8.9388,ok
minisat,par32-2.cnf,parity,,,,,timeout
minisat,par8-3-c.cnf,parity,SAT,422,26,16.2308,ok
minisat,par32-4.cnf,parity,,,,,timeout
minisat,par16-3-c.cnf,parity,SAT,96712,1449,66.7440,ok
minisat,par8-2.cnf,parity,SAT,236,4,59.0000,ok
minisat,par16-2-c.cnf,parity,SAT,647912,8654,74.8685,ok
minisat,par32-3.cnf,parity,,,,,timeout
minisat,par16-5-c.cnf,parity,SAT,206337,3355,61.5013,ok
minisat,par8-1.cnf,parity,SAT,509,22,23.1364,ok
minisat,par32-5.cnf,parity,,,,,timeout
minisat,par16-1.cnf,parity,SAT,37724,665,56.7278,ok
minisat,par8-5-c.cnf,parity,SAT,131,19,6.8947,ok
minisat,par8-4-c.cnf,parity,SAT,268,25,10.7200,ok
minisat,par16-4-c.cnf,parity,SAT,113186,1843,61.4140,ok
minisat,par16-3.cnf,parity,SAT,183184,3034,60.3771,ok
minisat,par16-5.cnf,parity,SAT,161996,2795,57.9592,ok
minisat,ssa7552-038.cnf,ssa,SAT,304,21,14.4762,ok
minisat,ssa7552-159.cnf,ssa,SAT,139,1,139.0000,ok
minisat,ssa2670-130.cnf,ssa,UNSAT,1388,164,8.4634,ok
minisat,ssa0432-003.cnf,ssa,UNSAT,110,0,,zero_decisions
minisat,ssa2670-141.cnf,ssa,UNSAT,2424,282,8.5957,ok
minisat,ssa7552-158.cnf,ssa,SAT,195,1,195.0000,ok
minisat,ssa6288-047.cnf,ssa,UNSAT,141,0,,zero_decisions
minisat,ssa7552-160.cnf,ssa,SAT,30,1,30.0000,ok
cadical,e0ddr2-10-by-5-1.cnf,Bejing,SAT,27847,9230,3.0170,ok
cadical,ewddr2-10-by-5-1.cnf,Bejing,SAT,,,,parse_error
cadical,3bitadd_31.cnf,Bejing,SAT,390930,12701,30.7795,ok
cadical,2bitadd_11.cnf,Bejing,SAT,31890,1372,23.2434,ok
cadical,4blocksb.cnf,Bejing,SAT,124494,3798,32.7788,ok
cadical,2bitadd_12.cnf,Bejing,SAT,38570,1395,27.6487,ok
cadical,2bitcomp_5.cnf,Bejing,SAT,,,,parse_error
cadical,e0ddr2-10-by-5-4.cnf,Bejing,SAT,,,,parse_error
cadical,enddr2-10-by-5-8.cnf,Bejing,SAT,,,,parse_error
cadical,3blocks.cnf,Bejing,SAT,13131,600,21.8850,ok
cadical,4blocks.cnf,Bejing,SAT,188491,7161,26.3219,ok
cadical,2bitmax_6.cnf,Bejing,SAT,,,,parse_error
cadical,2bitadd_10.cnf,Bejing,UNSAT,56461344,1308073,43.1638,ok
cadical,3bitadd_32.cnf,Bejing,SAT,1137255,23603,48.1826,ok
cadical,ewddr2-10-by-5-8.cnf,Bejing,SAT,36319,9614,3.7777,ok
cadical,enddr2-10-by-5-1.cnf,Bejing,SAT,,,,parse_error
cadical,bf1355-075.cnf,bf,UNSAT,,,,parse_error
cadical,bf2670-001.cnf,bf,UNSAT,,,,parse_error
cadical,bf0432-007.cnf,bf,UNSAT,4555,1032,4.4138,ok
cadical,bf1355-638.cnf,bf,UNSAT,,,,parse_error
cadical,huge.cnf,blocksworld,SAT,,,,parse_error
cadical,anomaly.cnf,blocksworld,SAT,,,,parse_error
cadical,bw_large.c.cnf,blocksworld,SAT,441275,2436,181.1474,ok
cadical,bw_large.a.cnf,blocksworld,SAT,3444,118,29.1864,ok
cadical,medium.cnf,blocksworld,SAT,,,,parse_error
cadical,bw_large.b.cnf,blocksworld,SAT,16343,244,66.9795,ok
cadical,bw_large.d.cnf,blocksworld,SAT,2638346,9712,271.6584,ok
cadical,bmc-galileo-8.cnf,bmc,SAT,1563068,26622,58.7134,ok
cadical,bmc-ibm-4.cnf,bmc,SAT,274989,25712,10.6950,ok
cadical,bmc-ibm-11.cnf,bmc,SAT,899697,45684,19.6939,ok
cadical,bmc-ibm-3.cnf,bmc,SAT,233328,14415,16.1865,ok
cadical,bmc-ibm-13.cnf,bmc,SAT,3321577,38992,85.1861,ok
cadical,bmc-ibm-10.cnf,bmc,SAT,144897,24251,5.9749,ok
cadical,bmc-ibm-1.cnf,bmc,SAT,236751,27337,8.6605,ok
cadical,bmc-ibm-7.cnf,bmc,SAT,,,,parse_error
cadical,bmc-ibm-2.cnf,bmc,SAT,,,,parse_error
cadical,bmc-ibm-12.cnf,bmc,SAT,6966549,49390,141.0518,ok
cadical,bmc-ibm-5.cnf,bmc,SAT,36726,10815,3.3958,ok
cadical,bmc-galileo-9.cnf,bmc,SAT,1999886,33184,60.2666,ok
cadical,bmc-ibm-6.cnf,bmc,SAT,1090622,24704,44.1476,ok
cadical,hanoi4.cnf,hanoi,SAT,176941,6351,27.8603,ok
cadical,hanoi5.cnf,hanoi,SAT,2577429,91017,28.3181,ok
cadical,ii8a1.cnf,inductive-inference,SAT,,,,parse_error
cadical,ii8e2.cnf,inductive-inference,SAT,,,,parse_error
cadical,ii8e1.cnf,inductive-inference,SAT,,,,parse_error
cadical,ii32d2.cnf,inductive-inference,SAT,15206,894,17.0089,ok
cadical,ii16e2.cnf,inductive-inference,SAT,42970,1283,33.4918,ok
cadical,ii32b1.cnf,inductive-inference,SAT,,,,parse_error
cadical,ii8b4.cnf,inductive-inference,SAT,,,,parse_error
cadical,ii8d2.cnf,inductive-inference,SAT,,,,parse_error
cadical,ii8d1.cnf,inductive-inference,SAT,,,,parse_error
cadical,ii32b2.cnf,inductive-inference,SAT,32897,1355,24.2782,ok
cadical,ii32d1.cnf,inductive-inference,SAT,4792,366,13.0929,ok
cadical,ii32b3.cnf,inductive-inference,SAT,18669,820,22.7671,ok
cadical,ii16e1.cnf,inductive-inference,SAT,,,,parse_error
cadical,ii8b2.cnf,inductive-inference,SAT,,,,parse_error
cadical,ii16a2.cnf,inductive-inference,SAT,,,,parse_error
cadical,ii32c1.cnf,inductive-inference,SAT,,,,parse_error
cadical,ii8a2.cnf,inductive-inference,SAT,,,,parse_error
cadical,ii32e3.cnf,inductive-inference,SAT,,,,parse_error
cadical,ii32e5.cnf,inductive-inference,SAT,19704,1235,15.9547,ok
cadical,ii32b4.cnf,inductive-inference,SAT,56757,3641,15.5883,ok
cadical,ii32c3.cnf,inductive-inference,SAT,4638,275,16.8655,ok
cadical,ii16c1.cnf,inductive-inference,SAT,,,,parse_error
cadical,ii8a3.cnf,inductive-inference,SAT,,,,parse_error
cadical,ii8a4.cnf,inductive-inference,SAT,,,,parse_error
cadical,ii32c4.cnf,inductive-inference,SAT,107315,2872,37.3659,ok
cadical,ii16d1.cnf,inductive-inference,SAT,41115,3236,12.7055,ok
cadical,ii16b1.cnf,inductive-inference,SAT,46180,1379,33.4880,ok
cadical,ii32e1.cnf,inductive-inference,SAT,,,,parse_error
cadical,ii32a1.cnf,inductive-inference,SAT,72146,3605,20.0128,ok
cadical,ii32e2.cnf,inductive-inference,SAT,,,,parse_error
cadical,ii16d2.cnf,inductive-inference,SAT,,,,parse_error
cadical,ii32d3.cnf,inductive-inference,SAT,377114,12597,29.9368,ok
cadical,ii8b1.cnf,inductive-inference,SAT,,,,parse_error
cadical,ii8c2.cnf,inductive-inference,SAT,,,,parse_error
cadical,ii32e4.cnf,inductive-inference,SAT,28925,1258,22.9928,ok
cadical,ii16c2.cnf,inductive-inference,SAT,,,,parse_error
cadical,ii16a1.cnf,inductive-inference,SAT,,,,parse_error
cadical,ii8c1.cnf,inductive-inference,SAT,,,,parse_error
cadical,ii16b2.cnf,inductive-inference,SAT,,,,parse_error
cadical,ii32c2.cnf,inductive-inference,SAT,,,,parse_error
cadical,ii8b3.cnf,inductive-inference,SAT,,,,parse_error
cadical,logistics.c.cnf,logistics,SAT,20870,2269,9.1979,ok
cadical,logistics.a.cnf,logistics,SAT,7152,1080,6.6222,ok
cadical,logistics.b.cnf,logistics,SAT,4176,878,4.7563,ok
cadical,logistics.d.cnf,logistics,SAT,19328,2900,6.6648,ok
cadical,par16-1-c.cnf,parity,SAT,39256,955,41.1058,ok
cadical,par8-5.cnf,parity,SAT,,,,parse_error
cadical,par32-5-c.cnf,parity,,,,,timeout
cadical,par16-2.cnf,parity,SAT,295973,5520,53.6183,ok
cadical,par8-3.cnf,parity,SAT,1152,131,8.7939,ok
cadical,par32-3-c.cnf,parity,,,,,timeout
cadical,par16-4.cnf,parity,SAT,53695,1469,36.5521,ok
cadical,par32-4-c.cnf,parity,,,,,timeout
cadical,par32-2-c.cnf,parity,,,,,timeout
cadical,par8-4.cnf,parity,SAT,,,,parse_error
cadical,par32-1-c.cnf,parity,,,,,timeout
cadical,par8-2-c.cnf,parity,SAT,,,,parse_error
cadical,par32-1.cnf,parity,,,,,timeout
cadical,par8-1-c.cnf,parity,SAT,,,,parse_error
cadical,par32-2.cnf,parity,,,,,timeout
cadical,par8-3-c.cnf,parity,SAT,,,,parse_error
cadical,par32-4.cnf,parity,,,,,timeout
cadical,par16-3-c.cnf,parity,SAT,256975,6027,42.6373,ok
cadical,par8-2.cnf,parity,SAT,,,,parse_error
cadical,par16-2-c.cnf,parity,SAT,262108,6303,41.5846,ok
cadical,par32-3.cnf,parity,,,,,timeout
cadical,par16-5-c.cnf,parity,SAT,170728,4510,37.8554,ok
cadical,par8-1.cnf,parity,SAT,,,,parse_error
cadical,par32-5.cnf,parity,,,,,timeout
cadical,par16-1.cnf,parity,SAT,214069,4365,49.0422,ok
cadical,par8-5-c.cnf,parity,SAT,,,,parse_error
cadical,par8-4-c.cnf,parity,SAT,,,,parse_error
cadical,par16-4-c.cnf,parity,SAT,132778,3197,41.5321,ok
cadical,par16-3.cnf,parity,SAT,187001,4065,46.0027,ok
cadical,par16-5.cnf,parity,SAT,212209,4543,46.7112,ok
cadical,ssa7552-038.cnf,ssa,SAT,,,,parse_error
cadical,ssa7552-159.cnf,ssa,SAT,,,,parse_error
cadical,ssa2670-130.cnf,ssa,UNSAT,1445,1029,1.4043,ok
cadical,ssa0432-003.cnf,ssa,UNSAT,,,,parse_error
cadical,ssa2670-141.cnf,ssa,UNSAT,1525,1027,1.4849,ok
cadical,ssa7552-158.cnf,ssa,SAT,,,,parse_error
cadical,ssa6288-047.cnf,ssa,UNSAT,,,,parse_error
cadical,ssa7552-160.cnf,ssa,SAT,,,,parse_error
kissat,e0ddr2-10-by-5-1.cnf,Bejing,SAT,356622,9320,38.2642,ok
kissat,ewddr2-10-by-5-1.cnf,Bejing,SAT,38587,0,,zero_decisions
kissat,3bitadd_31.cnf,Bejing,SAT,2673240,32641,81.8982,ok
kissat,2bitadd_11.cnf,Bejing,SAT,46084,1425,32.3396,ok
kissat,4blocksb.cnf,Bejing,SAT,52418,1181,44.3844,ok
kissat,2bitadd_12.cnf,Bejing,SAT,40695,1630,24.9663,ok
kissat,2bitcomp_5.cnf,Bejing,SAT,384,0,,zero_decisions
kissat,e0ddr2-10-by-5-4.cnf,Bejing,SAT,40699,0,,zero_decisions
kissat,enddr2-10-by-5-8.cnf,Bejing,SAT,38345,0,,zero_decisions
kissat,3blocks.cnf,Bejing,SAT,13200,348,37.9310,ok
kissat,4blocks.cnf,Bejing,SAT,338308,12256,27.6035,ok
kissat,2bitmax_6.cnf,Bejing,SAT,635,0,,zero_decisions
kissat,2bitadd_10.cnf,Bejing,UNSAT,13606600,295406,46.0607,ok
kissat,3bitadd_32.cnf,Bejing,SAT,2334095,20057,116.3731,ok
kissat,ewddr2-10-by-5-8.cnf,Bejing,SAT,203537,5565,36.5745,ok
kissat,enddr2-10-by-5-1.cnf,Bejing,SAT,37558,0,,zero_decisions
kissat,bf1355-075.cnf,bf,UNSAT,7888,0,,zero_decisions
kissat,bf2670-001.cnf,bf,UNSAT,5959,0,,zero_decisions
kissat,bf0432-007.cnf,bf,UNSAT,5935,0,,zero_decisions
kissat,bf1355-638.cnf,bf,UNSAT,7349,0,,zero_decisions
kissat,huge.cnf,blocksworld,SAT,14870,18,826.1111,ok
kissat,anomaly.cnf,blocksworld,SAT,83,0,,zero_decisions
kissat,bw_large.c.cnf,blocksworld,SAT,541459,2759,196.2519,ok
kissat,bw_large.a.cnf,blocksworld,SAT,13808,0,,zero_decisions
kissat,medium.cnf,blocksworld,SAT,446,0,,zero_decisions
kissat,bw_large.b.cnf,blocksworld,SAT,39447,52,758.5962,ok
kissat,bw_large.d.cnf,blocksworld,SAT,2452575,9830,249.4990,ok
kissat,bmc-galileo-8.cnf,bmc,SAT,1092613,10125,107.9124,ok
kissat,bmc-ibm-4.cnf,bmc,SAT,759731,6896,110.1698,ok
kissat,bmc-ibm-11.cnf,bmc,SAT,1247695,11195,111.4511,ok
kissat,bmc-ibm-3.cnf,bmc,SAT,477842,3461,138.0647,ok
kissat,bmc-ibm-13.cnf,bmc,SAT,2370246,13459,176.1086,ok
kissat,bmc-ibm-10.cnf,bmc,SAT,1101876,7067,155.9185,ok
kissat,bmc-ibm-1.cnf,bmc,SAT,1151609,23284,49.4592,ok
kissat,bmc-ibm-7.cnf,bmc,SAT,9797,0,,zero_decisions
kissat,bmc-ibm-2.cnf,bmc,SAT,9551,0,,zero_decisions
kissat,bmc-ibm-12.cnf,bmc,SAT,13577780,42048,322.9114,ok
kissat,bmc-ibm-5.cnf,bmc,SAT,70028,3937,17.7871,ok
kissat,bmc-galileo-9.cnf,bmc,SAT,1396738,11235,124.3202,ok
kissat,bmc-ibm-6.cnf,bmc,SAT,886153,12197,72.6534,ok
kissat,hanoi4.cnf,hanoi,SAT,116823,4260,27.4232,ok
kissat,hanoi5.cnf,hanoi,SAT,2799050,91591,30.5603,ok
kissat,ii8a1.cnf,inductive-inference,SAT,164,0,,zero_decisions
kissat,ii8e2.cnf,inductive-inference,SAT,3111,0,,zero_decisions
kissat,ii8e1.cnf,inductive-inference,SAT,1887,0,,zero_decisions
kissat,ii32d2.cnf,inductive-inference,SAT,50778,2470,20.5579,ok
kissat,ii16e2.cnf,inductive-inference,SAT,25354,633,40.0537,ok
kissat,ii32b1.cnf,inductive-inference,SAT,257,0,,zero_decisions
kissat,ii8b4.cnf,inductive-inference,SAT,4709,0,,zero_decisions
kissat,ii8d2.cnf,inductive-inference,SAT,2897,0,,zero_decisions
kissat,ii8d1.cnf,inductive-inference,SAT,2048,0,,zero_decisions
kissat,ii32b2.cnf,inductive-inference,SAT,10398,0,,zero_decisions
kissat,ii32d1.cnf,inductive-inference,SAT,11848,91,130.1978,ok
kissat,ii32b3.cnf,inductive-inference,SAT,40630,1262,32.1949,ok
kissat,ii16e1.cnf,inductive-inference,SAT,3967,0,,zero_decisions
kissat,ii8b2.cnf,inductive-inference,SAT,2551,0,,zero_decisions
kissat,ii16a2.cnf,inductive-inference,SAT,10195,0,,zero_decisions
kissat,ii32c1.cnf,inductive-inference,SAT,225,0,,zero_decisions
kissat,ii8a2.cnf,inductive-inference,SAT,561,0,,zero_decisions
kissat,ii32e3.cnf,inductive-inference,SAT,3768,0,,zero_decisions
kissat,ii32e5.cnf,inductive-inference,SAT,81791,2238,36.5465,ok
kissat,ii32b4.cnf,inductive-inference,SAT,96102,4354,22.0721,ok
kissat,ii32c3.cnf,inductive-inference,SAT,15702,215,73.0326,ok
kissat,ii16c1.cnf,inductive-inference,SAT,4512,0,,zero_decisions
kissat,ii8a3.cnf,inductive-inference,SAT,988,0,,zero_decisions
kissat,ii8a4.cnf,inductive-inference,SAT,1500,0,,zero_decisions
kissat,ii32c4.cnf,inductive-inference,SAT,110446,2403,45.9617,ok
kissat,ii16d1.cnf,inductive-inference,SAT,34438,1128,30.5301,ok
kissat,ii16b1.cnf,inductive-inference,SAT,47513,902,52.6752,ok
kissat,ii32e1.cnf,inductive-inference,SAT,222,0,,zero_decisions
kissat,ii32a1.cnf,inductive-inference,SAT,168816,7852,21.4997,ok
kissat,ii32e2.cnf,inductive-inference,SAT,322,0,,zero_decisions
kissat,ii16d2.cnf,inductive-inference,SAT,6549,0,,zero_decisions
kissat,ii32d3.cnf,inductive-inference,SAT,189966,6485,29.2931,ok
kissat,ii8b1.cnf,inductive-inference,SAT,421,0,,zero_decisions
kissat,ii8c2.cnf,inductive-inference,SAT,3366,0,,zero_decisions
kissat,ii32e4.cnf,inductive-inference,SAT,28160,323,87.1827,ok
kissat,ii16c2.cnf,inductive-inference,SAT,7588,0,,zero_decisions
kissat,ii16a1.cnf,inductive-inference,SAT,5870,0,,zero_decisions
kissat,ii8c1.cnf,inductive-inference,SAT,810,0,,zero_decisions
kissat,ii16b2.cnf,inductive-inference,SAT,8635,0,,zero_decisions
kissat,ii32c2.cnf,inductive-inference,SAT,682,0,,zero_decisions
kissat,ii8b3.cnf,inductive-inference,SAT,3590,0,,zero_decisions
kissat,logistics.c.cnf,logistics,SAT,40856,2044,19.9883,ok
kissat,logistics.a.cnf,logistics,SAT,17615,532,33.1109,ok
kissat,logistics.b.cnf,logistics,SAT,23034,826,27.8862,ok
kissat,logistics.d.cnf,logistics,SAT,185134,498,371.7550,ok
kissat,par16-1-c.cnf,parity,SAT,113725,1754,64.8375,ok
kissat,par8-5.cnf,parity,SAT,1435,0,,zero_decisions
kissat,par32-5-c.cnf,parity,,,,,timeout
kissat,par16-2.cnf,parity,SAT,570413,7190,79.3342,ok
kissat,par8-3.cnf,parity,SAT,2184,22,99.2727,ok
kissat,par32-3-c.cnf,parity,,,,,timeout
kissat,par16-4.cnf,parity,SAT,232430,4501,51.6396,ok
kissat,par32-4-c.cnf,parity,,,,,timeout
kissat,par32-2-c.cnf,parity,,,,,timeout
kissat,par8-4.cnf,parity,SAT,2059,0,,zero_decisions
kissat,par32-1-c.cnf,parity,,,,,timeout
kissat,par8-2-c.cnf,parity,SAT,967,0,,zero_decisions
kissat,par32-1.cnf,parity,,,,,timeout
kissat,par8-1-c.cnf,parity,SAT,935,0,,zero_decisions
kissat,par32-2.cnf,parity,,,,,timeout
kissat,par8-3-c.cnf,parity,SAT,1590,13,122.3077,ok
kissat,par32-4.cnf,parity,,,,,timeout
kissat,par16-3-c.cnf,parity,SAT,90294,1259,71.7188,ok
kissat,par8-2.cnf,parity,SAT,1717,0,,zero_decisions
kissat,par16-2-c.cnf,parity,SAT,354011,4394,80.5669,ok
kissat,par32-3.cnf,parity,,,,,timeout
kissat,par16-5-c.cnf,parity,SAT,453042,5294,85.5765,ok
kissat,par8-1.cnf,parity,SAT,967,0,,zero_decisions
kissat,par32-5.cnf,parity,,,,,timeout
kissat,par16-1.cnf,parity,SAT,311333,3875,80.3440,ok
kissat,par8-5-c.cnf,parity,SAT,1022,0,,zero_decisions
kissat,par8-4-c.cnf,parity,SAT,1193,0,,zero_decisions
kissat,par16-4-c.cnf,parity,SAT,10847,213,50.9249,ok
kissat,par16-3.cnf,parity,SAT,123614,2528,48.8979,ok
kissat,par16-5.cnf,parity,SAT,34620,1037,33.3848,ok
kissat,ssa7552-038.cnf,ssa,SAT,6419,0,,zero_decisions
kissat,ssa7552-159.cnf,ssa,SAT,3528,0,,zero_decisions
kissat,ssa2670-130.cnf,ssa,UNSAT,7360,0,,zero_decisions
kissat,ssa0432-003.cnf,ssa,UNSAT,2872,79,36.3544,ok
kissat,ssa2670-141.cnf,ssa,UNSAT,6803,83,81.9639,ok
kissat,ssa7552-158.cnf,ssa,SAT,1363,0,,zero_decisions
kissat,ssa6288-047.cnf,ssa,UNSAT,141,0,,zero_decisions
kissat,ssa7552-160.cnf,ssa,SAT,6954,0,,zero_decisions
