instance,family,status,result,completed,variables,clauses,decisions,propagations,conflicts,restarts,props_per_decision,cpu_time,download_bytes,wall_total,error
004b0f451f7d96f6a572e9e76360f51a-spg_420_280.cnf,sc2023-main,ok,INDET,False,674643,3463100,390583,170466269,74661,236,436.4406,9.89794,9858128,13.22,
008e7716c69009090ff6bd0048dc55f8-SAT_dat.k10.cnf,sc2023-main,ok,INDET,False,46169,207564,558173,157552892,222649,511,282.2653,9.92577,490920,11.84,
00a981f385cd209d41e1efa1f5f29bac-ibm-2004-03-k70.cnf,sc2023-main,ok,SAT,True,69839,275980,168286,19854678,54586,169,117.9818,1.40292,404324,3.78,
00b46ace235e3915a439c77a231a5657-TableSymModel_output_7_3_9.bul_.dimacs.cnf,sc2023-main,ok,INDET,False,7182,63742,1853997,45279178,404726,987,24.4225,9.92442,50788,11.31,
00bb0b4ef28ed38c49de4c54b9fabc4d-25_2.cnf,sc2023-main,ok,INDET,False,4128,13664,171164,103859682,148397,389,606.7846,9.9453,23928,11.11,
00f2eb377986e7decbc863931680a3b2-rand_net70-40-10.shuffled.cnf,sc2023-main,ok,INDET,False,5600,16661,746009,124399630,329933,766,166.7535,9.9342,90800,11.27,
00f4aca773e5675f35263dcd46b15bde-vmpc_28.shuffled-as.sat05-1957.cnf,sc2023-main,ok,INDET,False,784,108080,578917,37220426,290719,700,64.2932,9.90805,487588,12.32,
017ba03ed108f492c9293c7c95e5cae9-multiplier_14bits__miter_14.cnf,sc2023-main,ok,INDET,False,4376,13016,849438,91879210,684017,1492,108.1647,9.90992,32364,11.25,
0191a0bf3412ed407ba669f8d69081ee-mrpp_6x6#18_20.cnf,sc2023-main,ok,INDET,False,10841,83361,5057911,64095172,865754,1858,12.6723,9.89194,150068,11.46,
01966a0fc52b2200a13f5f835275a919-SGI_30_70_27_50_3-dir.shuffled-as.sat03-169.cnf,sc2023-main,ok,INDET,False,810,68270,214572,9323161,109052,285,43.4500,9.90635,226964,11.70,
01bd0865ab694bc71d80b7d285d5777d-shuffling-2-s1480152728-of-bench-sat04-434.used-as.sat04-711.cnf,sc2023-main,ok,UNSAT,True,505536,1595120,139192,76556296,19793,68,550.0050,9.54489,12728404,12.68,
01dd5feb463fa80f73809718f6ff735b-10pipe_q0_k.cnf,sc2023-main,ok,INDET,False,77639,2082016,876923,177499965,149575,396,202.4123,9.92418,1723876,12.21,
02066c116dbacc40ec5cca2067db26c0-mrpp_4x4#12_12.cnf,sc2023-main,ok,INDET,False,2672,16280,1088087,58328659,683166,1487,53.6066,9.91684,36384,11.11,
028d0cc7af63e9bba5795f20e24db4f6-pyhala-braun-sat-35-4-04.shuffled.cnf,sc2023-main,ok,INDET,False,7383,24097,247188,119944642,207564,511,485.2365,9.88876,143516,11.46,
0297c2a35f116ffd5382aea5b421e6df-Urquhart-s3-b3.shuffled-as.sat03-1556.cnf,sc2023-main,ok,INDET,False,45,376,11471280,45792507,7524322,12285,3.9919,9.89409,2596,10.95,
02c6fe8483e4f4474b7ac9731772535d-ncc_none_7047_6_3_3_0_0_420.cnf,sc2023-main,ok,INDET,False,1484350,5359707,62009621,95407496,13350,60,1.5386,9.8706,16651036,13.88,
0336f81b60baac5b8f481dd3c32861a5-mod4block_2vars_10gates_u2_autoenc-sc2009.cnf,sc2023-main,ok,INDET,False,479,123439,1670598,13741069,866814,1859,8.2252,9.97614,486968,11.94,
036b541db9d0839b0591d408ff4f77ae-aes_decry_2_rounds.debugged.cnf,sc2023-main,ok,INDET,False,279119,1146467,486365,17231375,249182,574,35.4289,9.91705,2814576,12.37,
037c423f56548082b1935e88c48ffdda-3col120_5_2.shuffled.cnf,sc2023-main,ok,SAT,True,240,1007,12607,677708,10638,46,53.7565,0.079344,6196,1.02,
037d21e060a2e3eab8b080aa84ceee75-mm-1x10-10-10-sb.1.shuffled-as.sat03-1489.cnf,sc2023-main,ok,SAT,True,2396,83733,26063,939095,7783,31,36.0317,0.227804,696100,2.04,
03a43a7ea55217f53542ed3f029963af-satch2ways16w.cnf,sc2023-main,ok,INDET,False,16883,50558,300050,115940787,182674,507,386.4049,9.97399,65132,12.29,
03de316ba1e90305471a3b8620cb9cd7-satsgi-n23himBHm26-p0-q248.cnf,sc2023-main,ok,SAT,True,598,14076,324,598,0,1,1.8457,0.011372,9212,0.94,
03e9d1abe418a1727bbf2ead77d69d02-php15-mixed-15percent-blocked.cnf,sc2023-main,ok,INDET,False,354,2938,1055897,30177249,725265,1534,28.5797,9.9277,7592,10.94,
06b138e8a6da806e88ac7da2919cef30-grs-192-32.cnf,sc2023-main,ok,INDET,False,132826,392118,920395,170839549,347836,828,185.6155,9.94063,764228,11.89,
075ca0a158690a55b7254d9aaee2e103-asconhashv12_opt64_H4_M2-LOD9_m0_2_U19.c.cnf,sc2023-main,ok,INDET,False,126995,296493,794368,81668038,150618,397,102.8088,9.95633,508432,11.84,
0811f761eee5e4ef28196fd98884a67b-multiplier_13bits__miter_15.cnf,sc2023-main,ok,INDET,False,3728,11080,843781,89783063,670512,1450,106.4056,9.91643,27736,11.13,
08455b2e1e6fda910989f0481a20f1c3-hash_table_find_safety_size_13.cnf,sc2023-main,no_decisions,INDET,False,6472782,25795161,0,665899,0,1,,10.1854,47235880,18.47,
090eefb9bc472f6478e70baf2c6d2403-PRP_100_150.cnf,sc2023-main,no_decisions,INDET,False,2356356,14117450,0,52298,0,1,,10.4896,41600464,17.37,
0945c95ba9b82c32d12fc9d9e5229c5a-SC23_Timetable_C_473_E_45_Cl_32_D_6_T_50.cnf,sc2023-main,ok,INDET,False,248145,797883,5598769,100962570,258933,612,18.0330,9.96874,1373448,12.11,
096ac97e4261eabca440fc7bc135d7c0-SC23_Timetable_C_478_E_50_Cl_32_D_6_T_50.cnf,sc2023-main,ok,INDET,False,248016,798549,9666766,90189395,163206,444,9.3298,9.93281,1344120,12.13,
0982db5b0b15642e79e8242881529b39-REGRandom-K4-L3-Seed15.cnf,sc2023-main,no_decisions,INDET,False,22528,13231616,0,0,0,1,,10.2402,10747568,14.15,
0a279c478775cdeede51ad431aebf200-24_0.cnf,sc2023-main,ok,INDET,False,3968,13120,182757,101050307,157382,426,552.9217,9.98911,23172,11.10,
0a4ed112f2cdc0a524976a15d1821097-cliquecoloring_n12_k9_c8.cnf,sc2023-main,ok,INDET,False,270,6663,3240381,47061734,2121244,4093,14.5235,9.99263,7680,10.95,
0ae0c5a4fb9001d63669a0aa5b592167-multiplier_16bits__miter_19.cnf,sc2023-main,ok,INDET,False,5776,17200,660026,89988083,513754,1030,136.3402,9.99467,42536,11.27,
0be1e12a8e7282d1a4e389bb90f6dbc7-or_randxor_k3_n600_m600.cnf,sc2023-main,ok,INDET,False,1200,8093,5150035,44236965,1775854,3448,8.5896,9.99234,21568,11.10,
0c9da400944b002f90fd385d4fdab385-DivS_568_11.cnf.sanitized.cnf,sc2023-main,no_decisions,INDET,False,568,553495,0,0,0,1,,9.91661,7841624,12.88,
0d3e99a07b6a6b67ac59d706c0af9d68-grs-32-160.cnf,sc2023-main,ok,INDET,False,372416,1062080,509681,115641125,115249,311,226.8892,9.90101,2005248,12.36,
0eb98926b26343d31954169dfbde2b24-satcoin-genesis-UNSAT-11900.cnf,sc2023-main,ok,INDET,False,134781,648661,31792,106829581,8730,37,3360.2661,9.99036,1506252,12.07,
0ef0d91d378eab41ba6fb9dfc9b87fc8-sat-bench-trig-taylor4.cnf,sc2023-main,ok,INDET,False,1067515,4729261,164310,131754523,31130,115,801.8655,9.8813,8191796,13.19,
10196804504080e7107809a2e5b3bfcc-ContextModel_output_6_5_6.bul_.dimacs.cnf,sc2023-main,ok,INDET,False,29610,184038,426248,82613901,178005,492,193.8165,9.98011,212116,11.46,
112b0ac22b2a567cd3badfed3a5497fd-mchess16-mixed-35percent-blocked.cnf,sc2023-main,ok,INDET,False,16278,988,5652554,71662539,3215589,5677,12.6779,9.91107,3400,10.98,
1153a473e1d5dd21ccd33189d594a4aa-tseitin_d3_n10000.cnf,sc2023-main,ok,INDET,False,15000,40000,11606296,54715461,889881,1916,4.7143,9.90268,115540,11.52,
11db226d109e82f93aaa3b2604173ff9-posixpath__joinrealpath_13.cnf,sc2023-main,ok,INDET,False,351,4291,767198,19252707,560722,1165,25.0948,9.92779,6224,10.95,
14a5ff0d6213dcfe182ec656764bbdfb-satcoin-genesis-UNSAT-9080.cnf,sc2023-main,ok,INDET,False,141429,646015,26614,106761732,7196,31,4011.4876,9.99461,1494148,12.29,
150b5f8cac40bb4e0fcbdd65c3c04701-PRP_100_550.cnf,sc2023-main,parse_error,rc1,False,,,,,,,,,152962616,29.44,
15a2ec07aaca45d454a2fbfc0624e75e-hash_table_find_safety_size_29.cnf,sc2023-main,parse_error,rc1,False,,,,,,,,,145569916,31.95,
15c53f73c62a78c24bf5974e4a7afcd8-18_1.cnf,sc2023-main,ok,INDET,False,3008,9856,253872,89875618,225262,511,354.0194,9.98937,17272,11.75,
17039a3ed02ea12653ec5389e56dab50-pbl-00070.shuffled-as.sat05-1324.shuffled-as.sat05-1324.cnf,sc2023-main,no_decisions,UNSAT,True,257,7374,0,10,0,0,,0.053111,69720,1.32,
177a4ad8fd76ad8240387998112c3168-SC23_Timetable_C_481_E_49_Cl_32_D_6_T_50.cnf,sc2023-main,ok,INDET,False,247375,793062,11188674,98246064,176226,486,8.7808,9.90916,1313144,12.24,
18416a9ac0909dce5fa96345f784c87e-intervals122.cnf,sc2023-main,ok,INDET,False,2568,57706,2178966,18391509,337379,785,8.4405,9.95349,109572,11.90,
189e5991b041a89700513106988e720d-rphp_p20_r20.cnf,sc2023-main,ok,INDET,False,800,7850,1775534,21765169,1002917,2046,12.2584,9.91991,8180,10.97,
18babbd2835b8a37c6299f8b0301c7c9-brent_67_0.05.cnf,sc2023-main,ok,INDET,False,80042,314597,1865258,123255133,373404,893,66.0794,9.95642,836768,12.52,
19004c7d629f7e6e83c6e1d7a9a768a9-6s166.cnf,sc2023-main,ok,INDET,False,5448,15993,598362,106598117,425112,1021,178.1499,9.96337,41036,11.37,
1932e1e8f0c78372759909e45a19ecc7-brent_69_0.3.cnf,sc2023-main,ok,INDET,False,81990,177986,1993373,103723050,467395,1023,52.0339,9.93947,823968,13.71,
19c6a29181bee2f3aa03bfb5c5d693d0-brent_9_0.cnf,sc2023-main,ok,INDET,False,10449,45198,974316,124199587,565649,1182,127.4736,9.96035,101672,51.14,
1a20649a8c79d6675d934cec271d573f-tseitin_grid_n100_m100.cnf,sc2023-main,ok,INDET,False,19800,78408,48979747,112021997,1305585,2541,2.2871,9.95661,147344,39.63,
1a40d2d8c589799a0d267cae03fcd4c5-SCPC-800-40.cnf,sc2023-main,ok,INDET,False,800,33490,265969,5931876,102231,255,22.3029,9.97534,148360,11.60,
1a63072b90f88c7fa621b5041f412b79-asconhashv12_opt64_H8_M2-nm2vUdkK_m3_5_U3.c.cnf,sc2023-main,ok,INDET,False,158612,372521,639461,48783542,123345,328,76.2885,9.9096,635132,11.87,
1a6a635f5b959e191ec705b2f236568a-square.2.0.i.smt2-cvc4.cnf,sc2023-main,ok,UNSAT,True,42387,183641,41257,16954516,12613,55,410.9488,0.773127,465760,2.62,
1aa7cd96ab1f7bf58984deccf8362ab4-rand_net50-60-10.shuffled.cnf,sc2023-main,ok,INDET,False,6000,17901,434464,116672974,254318,596,268.5446,9.93464,97876,11.47,
1b02025658c2a23e1fd3ce0a9c3633cb-asconhashv12_opt64_H8_M2-I61h2mH5_m2_6.c.cnf,sc2023-main,ok,INDET,False,158739,373026,477963,99278899,107334,280,207.7125,9.98081,625608,12.05,
1b86f59ce4c43f19f0ad1238f8c362b4-PRP_30_37.cnf,sc2023-main,ok,INDET,False,172792,1027604,9326758,147674921,377579,893,15.8335,9.96942,3004136,12.36,
1ce81dbba1292bf791e194b17aa2a219-satch2ways15u.cnf,sc2023-main,ok,INDET,False,15195,46499,242755,102672604,142285,382,422.9474,9.97546,63612,12.86,
1d1af993697599892804df5878d58979-brent_69_0.cnf,sc2023-main,ok,INDET,False,82539,365958,1985067,137478214,399077,968,69.2562,9.95031,730088,12.31,
1d42a7c3616ce163e292340cfcd34f97-PRP_100_600.cnf,sc2023-main,parse_error,rc1,False,,,,,,,,,166752740,32.41,
1ea7fe95e6158afe11f7b795b9aac939-REGRandom-K4-L4-Seed10.cnf,sc2023-main,no_decisions,INDET,False,49152,52939776,0,0,0,1,,11.0206,34423372,20.14,
1eea3d913d346b900252d77fc0cb25c8-par32-4.shuffled.cnf,sc2023-main,ok,INDET,False,3176,9869,651737,113172147,597760,1277,173.6470,9.99164,57788,11.39,
1f215812371f0c428eb1f1e51f9f23d7-20_2.cnf,sc2023-main,ok,INDET,False,3328,10944,221262,94647231,191756,509,427.7609,9.98984,19340,11.10,
1f6cf91464c6a19022144774b162a3cc-ER_500_30_3.apx_2_DC-ST.cnf,sc2023-main,ok,INDET,False,1002,113964,131528,3730001,65760,200,28.3590,9.98768,225192,11.66,
20be6aa61af15fd53b4c48eb3f2f3319-27_1.cnf,sc2023-main,ok,INDET,False,4448,14752,155950,109598811,135052,378,702.7817,9.99152,25784,11.11,
20cae5fe475d571da703f89d5da4bb8f-grs-96-32.cnf,sc2023-main,ok,INDET,False,75802,222678,1147629,151656062,463285,1023,132.1473,9.98095,450988,11.83,
211938776d92f11870a687abd11d55a4-iso-icl004.shuffled-as.sat05-3238.cnf,sc2023-main,ok,UNSAT,True,1000,7393,15,1263,15,1,84.2000,0.013635,48580,1.28,
21667cf04beae213adbab0d48408a7e4-satcoin-genesis-UNSAT-10600.cnf,sc2023-main,ok,INDET,False,134781,648661,44130,93417353,11585,49,2116.8673,9.99066,1508756,12.19,
21bde0ebb111c637a1ae8789827b0b73-WCNF_from_fp_13.cnf,sc2023-main,ok,INDET,False,572,12199,282853,13175953,203403,510,46.5823,9.98169,14164,11.49,
220bb8aa093e502c47afcdac3140d67c-vmpc_24.cnf,sc2023-main,ok,SAT,True,576,67872,357130,20991167,200528,510,58.7774,5.54535,86528,6.83,
22d0a2fdc65d884c2bbde56af9feba4a-intervals961.cnf,sc2023-main,ok,INDET,False,2379,52030,2081017,31567379,481405,1023,15.1692,9.93298,94600,11.35,
23c4e178c94c0dff82ea6c87abed7ecc-rphp_p60_r60.cnf,sc2023-main,ok,INDET,False,7200,214350,1809129,10429132,224476,511,5.7647,9.95463,110416,12.49,
246afd75cb97a21144f368c00252a656-BZ2File_write_11.cnf,sc2023-main,ok,INDET,False,176,1149,1445085,19641161,1150885,2128,13.5917,9.98621,2136,10.96,
24b93d0bf941e4b050c9109e4cb7faf4-connm-ue-csp-sat-n600-d-0.02-s1022905465.used-as.sat04-951.cnf,sc2023-main,ok,SAT,True,556,6427,8057,494913,6028,30,61.4265,0.084467,8740,1.05,
24bf910d2b9da558fb3e71a4dbe79ba3-lisa19_99_a.shuffled.cnf,sc2023-main,ok,SAT,True,1201,6428,45212,8002630,34493,125,177.0023,0.812005,39744,1.90,
2537f10a45d7ab430334dc1de6bfbdf0-SC23_Timetable_C_486_E_50_Cl_33_D_6_T_50.cnf,sc2023-main,ok,INDET,False,250679,807738,13753102,107109406,168874,459,7.7880,9.96727,1360884,12.14,
25b7a69d04a5029cf4ba2f483b5bec45-asconhashv12_opt64_H9_M2-LSGb5PgEM_m2_7.c.cnf,sc2023-main,ok,INDET,False,158664,372443,896198,81697297,168278,455,91.1599,9.98612,632668,11.93,
26114429758a203d651f4df87c94de4c-sgen1-unsat-97-100.cnf.mis-72.debugged.cnf,sc2023-main,ok,INDET,False,7009,13783,2355403,125820167,1526672,3014,53.4177,9.99273,13020,11.10,
262009b8df6350761c7dfc8761f0af79-intervals788.cnf,sc2023-main,ok,INDET,False,2449,52707,1195445,26470642,375436,893,22.1429,9.95088,76680,11.34,
2722f39c27dc45a989bb52761ed52e50-31_1.cnf,sc2023-main,ok,INDET,False,5088,16928,117557,119041378,104544,268,1012.6269,9.97531,28828,11.09,
275d36e3f246990dccd094e5e1442ba9-WS_500_32_50_10.apx_2_DC-AD.cnf,sc2023-main,ok,INDET,False,1000,25000,334379,26331028,199967,510,78.7461,9.9772,52112,11.28,
27b4fe4cb0b4e2fd8327209ca5ff352c-grid_10_20.shuffled.cnf,sc2023-main,no_decisions,UNSAT,True,398,741,0,2,0,0,,0.005297,5232,0.93,
28857e681fc6a9077d5a7d0e9c7a19ad-hash_table_find_safety_size_14.cnf,sc2023-main,no_decisions,INDET,False,7112640,28380366,0,720164,0,1,,10.2029,52694084,19.50,
28e45a3e488ddac73b6116cc6f3e67e0-g2-T99.2.0.cnf,sc2023-main,no_decisions,INDET,False,3467274,12115112,0,10286,0,1,,10.7622,32469240,16.74,
28f29fe949422ec88892e18073de065c-5col100_15_6.shuffled.cnf,sc2023-main,ok,UNSAT,True,300,3973,941576,35102564,757731,1595,37.2806,6.49367,33060,7.60,
2902c241b2196f5fd914509fdc124ba7-REGRandom-K4-L2-Seed20.cnf,sc2023-main,no_decisions,INDET,False,10240,3306240,0,0,0,1,,10.0445,1471784,12.34,
291c2b4fa2d8b009cd2a8331891ba667-PRP_30_40.cnf,sc2023-main,ok,INDET,False,186658,1111772,8709918,150937013,365953,889,17.3293,9.96456,3262688,12.38,
29505dfcf090c4cfdfb59268160be81d-hash_table_find_safety_size_24.cnf,sc2023-main,no_decisions,INDET,False,15062376,60600058,0,1355794,0,1,,10.9664,107599060,28.16,
29bab0de14e56e526be9683131005cb2-stb_588_138.apx_2_DS-ST.cnf,sc2023-main,ok,INDET,False,1176,13472,395454,50393300,285403,680,127.4315,9.98519,33872,11.11,
29e101b66dfddb440e974b9feec5b1aa-spg_200_307.cnf,sc2023-main,ok,INDET,False,321487,1576009,750398,166094225,143913,382,221.3415,9.98349,4408768,12.58,
2b3de92685792ae19e4549b5c4571e27-crafted_n12_d6_c4_num4.cnf,sc2023-main,no_decisions,INDET,False,56064,15834160,0,0,0,1,,10.1118,4912208,63.45,
2c9dc96b7a8b0410e64dd33f7e00a0c1-30_2.cnf,sc2023-main,ok,INDET,False,4928,16384,124135,117104910,109813,286,943.3674,9.99167,27708,53.31,
2d0c041c0fe72dc32527bfbf34f63e61-170223547.cnf,sc2023-main,ok,INDET,False,322,1127,1891502,80876482,1495923,2938,42.7578,9.9929,6236,10.93,
2e808d215e4155379a847b146ef38b34-goldcrest-and-16.cnf,sc2023-main,ok,INDET,False,852822,2626665,521156,132474100,73004,228,254.1928,9.95358,4790780,12.66,
2ef023ae6c46e4415734f9349a36d678-velev-pipe-o-uns-1.0-7.cnf,sc2023-main,ok,INDET,False,24415,711049,2072713,185889665,272359,638,89.6842,9.98087,713204,11.90,
2f219dfa21d996e1834aa247f934f304-grs-192-48.cnf,sc2023-main,ok,INDET,False,192442,568038,835291,155444820,317878,765,186.0966,9.96457,1023828,12.07,
303ba61141150f84b0d8b44839df59fd-REGRandom-K3-L3-Seed10.cnf,sc2023-main,ok,INDET,False,4608,474496,1294534,3795818,192045,509,2.9322,9.95719,360868,11.70,
30e680ded3b9be6be0b5baac273f2646-asconhashv12_opt64_H5_M2-A8qZX_m0_3_U23.c.cnf,sc2023-main,ok,INDET,False,126959,296289,1029104,52027530,195594,510,50.5561,9.97103,488632,11.95,
323223c497a22051f5a3ef508ccbaa7c-SC23_Timetable_C_477_E_50_Cl_32_D_6_T_50.cnf,sc2023-main,ok,INDET,False,248425,801709,12316659,95261648,168345,455,7.7344,9.9737,1353544,12.13,
328da7966b09b2f6e99c93c4e877fbff-sgen3-n260-s62321009-sat.cnf,sc2023-main,ok,INDET,False,260,624,2079682,80539060,1572870,3069,38.7266,9.97587,2948,10.96,
33bcf82677b7fdacf18dd48892596a1d-TimetableCNFEncoding_20_UNKNOWN.cnf,sc2023-main,ok,INDET,False,378430,2643697,11819004,163024759,35278,125,13.7934,9.97321,3264884,42.59,
33cfa309d10e1d4fe30f1302807f42ce-SC23_Timetable_C_482_E_50_Cl_33_D_6_T_50.cnf,sc2023-main,ok,INDET,False,248675,799427,10854191,93292472,183018,508,8.5951,9.96716,1361268,12.08,
3498eea73b78ddc444cbee48b121c541-grs-64-160.cnf,sc2023-main,ok,INDET,False,448832,1290784,555223,139597726,81375,253,251.4264,9.95879,2473956,12.37,
34e5fd58b65bf305cc773f0dbfb47917-intervals553.cnf,sc2023-main,ok,INDET,False,2572,55767,1218440,50485039,464077,1023,41.4342,9.96174,100472,68.59,
35b19a3332597c1e5a3668f75ca72971-SC23_Timetable_C_480_E_50_Cl_32_D_6_T_50.cnf,sc2023-main,ok,INDET,False,248899,802015,11554261,97878838,183208,508,8.4712,9.97077,1352540,37.60,
2a144840047376cee3b7b99455158976-goldberg03:hard_eq_check:i10mul.miter.used-as.sat04-333.cnf,sc2023-main,ok,INDET,False,12998,77941,2710328,125606429,269155,637,46.3436,9.97361,197372,11.54,
2a4680a801ad32ab8768030250daf0c8-ER_500_10_5.apx_2_DC-ST.cnf,sc2023-main,ok,INDET,False,1002,38877,255122,14435445,141538,382,56.5825,9.9714,81676,11.34,
2b7e863462991fd008f9898eca63ebf4-SC23_Timetable_C_481_E_50_Cl_32_D_6_T_50.cnf,sc2023-main,ok,INDET,False,248213,797751,12868597,104345709,172962,475,8.1086,9.97038,1307872,12.12,
339b1cfda231aaca601cd6339c07ca2c-PRP_100_450.cnf,sc2023-main,parse_error,rc1,False,,,,,,,,,125234424,347.17,
358fa8d20aa467c7e9b9bf34f73d1dc9-patat-08-comp-3.cnf,sc2023-main,ok,SAT,True,78774,1616620,820622,23583981,93886,255,28.7392,3.18965,1947724,107.06,
3663000b31a5c80922afc6e48322accb-6s165.cnf,sc2023-main,ok,INDET,False,3098,8994,876919,92139539,645889,1389,105.0719,9.97713,22468,207.69,
36c342091848d5d6a1a8eeb3a8b49b86-rovers1_ks99i.renamed-as.sat05-3971.cnf,sc2023-main,ok,SAT,True,439,5389,37,301,7,1,8.1351,0.007591,5560,7.82,
3728fe50d8038c639c2d9c84e04fe2b1-46bits_11.dimacs.cnf,sc2023-main,ok,INDET,False,689,16922,659260,29938654,510755,1023,45.4125,9.97705,115128,11.44,
37d40a1092b58ad28285b9453872d211-DecompressReader_read_12.cnf,sc2023-main,ok,INDET,False,228,2023,1609751,31907586,1235205,2324,19.8214,9.97722,3760,10.93,
385a678ba820d79c6fb5f497adaf32ec-grs-48-128.cnf,sc2023-main,ok,INDET,False,289152,830928,597684,139451457,140579,381,233.3197,9.94582,1591720,12.14,
385e2c7010a419a9bd47b9258c9d2903-tseitin_d3_n200.cnf,sc2023-main,ok,INDET,False,300,800,8417909,52333661,4948710,8191,6.2169,9.96228,2492,11.03,
38833d6a1ff6a56ef22bd2dc1e3fdde7-rbsat-v1150c84314gyes10.cnf,sc2023-main,ok,INDET,False,1150,84314,377696,19343881,174792,476,51.2155,9.94606,146316,11.56,
38ca761a5808eace8bc8f1fcfdb5b5a8-multiplier_15bits__miter_20.cnf,sc2023-main,ok,INDET,False,5052,15036,698182,88107296,527024,1084,126.1953,9.9707,37112,11.47,
396245861b331d45e1345bd43fe352e2-asconhashv12_opt64_H8_M2-1yQCyA0j_m2_6.c.cnf,sc2023-main,ok,INDET,False,158719,372941,893309,46054128,169267,460,51.5545,9.961,628828,307.65,
3a7a64e1d6cf5ce969b2b05b5464f707-PRP_30_38.cnf,sc2023-main,ok,INDET,False,177404,1055410,8213724,140260356,404221,987,17.0763,9.96823,3085904,12.55,
3cff6c97a515aecfe46ba0f1256a3c11-shuffling-1-s1870372346-of-bench-sat04-423.used-as.sat04-562.cnf,sc2023-main,ok,INDET,False,3502,29920,852056,60465959,335983,781,70.9648,9.9637,141844,11.56,
3e7dc7350195104b76b7d03ab5b0af8f-SC23_Timetable_C_490_E_50_Cl_33_D_6_T_50.cnf,sc2023-main,ok,INDET,False,253201,818399,8209579,83655896,171062,467,10.1900,9.95724,1372760,12.10,
3f341c57c37d86350af5233b8e15e52e-19_2.cnf,sc2023-main,ok,INDET,False,3168,10400,230037,92053618,201441,510,400.1687,9.97653,18124,11.14,
3f4174289e971950c290f27892169bc5-intervals607.cnf,sc2023-main,ok,INDET,False,2598,62261,1367738,37577842,363826,875,27.4744,9.95987,90264,11.34,
3ff114cc7bee4f39fa56a0325e605c2d-stb_588_138.apx_2_DC-ST.cnf,sc2023-main,ok,INDET,False,1176,13472,423090,54578583,311762,764,128.9999,9.98649,33868,123.04,
4029fbae284eaf924b37b6f43d3a67fb-WCNF_from_fp_14.cnf,sc2023-main,ok,INDET,False,616,13134,320463,15200172,233592,526,47.4319,9.96852,14500,11.11,
40ae60a61929b6bfa2ac99ab4b9a0f7e-grs-96-192.cnf,sc2023-main,ok,INDET,False,688704,1986848,457907,155987567,54907,171,340.6534,9.95647,3710080,12.72,
41457ee03686b32962c12445524f62a9-mchess18-mixed-45percent-blocked.cnf,sc2023-main,ok,INDET,False,26095,1281,5063157,68014020,2828853,4986,13.4331,9.97875,4352,10.99,
41a8365f60db55b71d949df6954e0db7-FileObject_open_13.cnf,sc2023-main,ok,INDET,False,247,2073,1450107,27504909,1108061,2047,18.9675,9.97288,3576,10.98,
41c39c9a2d75ca50b603ea7c3d86106a-brent_63_0.cnf,sc2023-main,ok,INDET,False,75330,333882,1930496,137234369,390634,948,71.0876,9.91135,722332,11.96,
4282ea42fd414bfd2c4bf81fe8a43e24-DivU_1520_10.cnf.sanitized.cnf,sc2023-main,no_decisions,INDET,False,1520,766890,0,0,0,1,,10.0305,11514504,13.05,
428da12ab8f5f68ae261e6468c2fef73-TableSymModel_output_8_3_10.bul_.dimacs.cnf,sc2023-main,ok,INDET,False,10440,106244,2080463,43227925,316571,765,20.7780,9.96511,81288,11.34,
431bfb466be51ecd86b321b5cbce6d3c-mrpp_8x8#22_10.cnf,sc2023-main,ok,UNSAT,True,8918,71958,45086,466897,7795,31,10.3557,0.111224,132332,1.60,
4380f8ed143d97a65f8888b2feeddb80-intervals477.cnf,sc2023-main,ok,INDET,False,2331,49442,2420306,25489369,349445,828,10.5315,9.94726,89928,11.33,
4408f30395fb799e01b34b0dc7ee1d62-cliquecoloring_n14_k9_c8.cnf,sc2023-main,ok,INDET,False,329,9018,3712708,49470144,2189453,4094,13.3245,9.96293,8840,11.05,
44092fcc83a5cba81419e82cfd18602c-php-010-009.shuffled-as.sat05-1185.cnf,sc2023-main,ok,UNSAT,True,90,415,569313,6139619,470096,1023,10.7843,1.70464,1488,2.68,
44ad104c3b0c83b4cfc260583dee2397-PRP_30_36.cnf,sc2023-main,ok,INDET,False,167970,999018,7044403,141366862,392629,954,20.0680,9.97718,2914128,12.35,
44b249f51321a2bf38f730534b781bec-c880_gr_rcs_w7.shuffled.cnf,sc2023-main,ok,SAT,True,4592,61745,1268,37466,197,2,29.5473,0.051896,260832,1.72,
45faf223af97fe9177daa3ad4002cf2f-hash_table_find_safety_size_25.cnf,sc2023-main,parse_error,rc1,False,,,,,,,,,114694176,27.01,
4611cd26b441b8c5866e4a2c5a7952dc-WS_400_24_90_10.apx_1_DS-ST.cnf,sc2023-main,ok,INDET,False,800,15600,350927,27735190,236832,541,79.0341,9.96935,32964,56.67,
46e119b7ff8d0781354bfe68139c99b5-grs-96-96.cnf,sc2023-main,ok,INDET,False,259366,755670,739651,148991119,183936,508,201.4344,9.94723,1438984,12.17,
48539e7e4baae6db72cda7e8a9cecfa0-oisc-subrv-sll-nested-15.cnf,sc2023-main,no_decisions,INDET,False,13053309,45250848,0,4,0,1,,11.5948,70252460,25.02,
48ac8814180bdc90bf96a4caea64dae2-intervals633.cnf,sc2023-main,ok,INDET,False,2478,56766,1129093,31186189,369994,892,27.6206,9.96104,107900,11.58,
4989239fbeb6eb40fc0b664d9ba92636-asconhashv12_opt64_H7_M2-K1zfAs8_m0_3_U5.c.cnf,sc2023-main,ok,INDET,False,126976,296239,1008597,53480988,192828,510,53.0251,9.96398,495616,11.93,
4a6a797c6b4a8055d10b74edda9a5e30-TableSymModel_output_8_4_8.bul_.dimacs.cnf,sc2023-main,ok,INDET,False,14208,172064,1775330,54959850,253399,591,30.9575,9.97109,121492,11.49,
4d2f74ef97b6d40ebd71f85dcb75c543-tseitingrid7x160_shuffled-sc2016.cnf,sc2023-main,ok,INDET,False,2240,8960,12389627,41290543,3475684,6141,3.3327,9.92481,51436,11.39,
4e64ffc14db014d5591f40865376c32a-satcoin-genesis-UNSAT-7200.cnf,sc2023-main,ok,INDET,False,141429,646015,26414,99107223,6996,31,3752.0717,9.98185,1498868,12.23,
4f38f4b005cc54122135c8c21aec4b85-intervals7.cnf,sc2023-main,ok,INDET,False,2621,59568,1459639,31049888,374250,893,21.2723,9.95115,114824,11.50,
4fd2e4e6ecb4fe8d3f9e1fda81633469-brent_69_0.05.cnf,sc2023-main,ok,INDET,False,82460,328146,1993394,125420183,387941,937,62.9179,9.94825,877596,11.99,
4fdcf4248a332c1c9a89d37439c879a9-or_randxor_k3_n520_m520.cnf,sc2023-main,ok,INDET,False,1040,6991,4717456,44258032,1807156,3515,9.3818,9.97554,18052,11.15,
4fe42891b004d7425631a8edb4252d3f-32_0.cnf,sc2023-main,ok,INDET,False,5248,17472,110031,118080380,97928,255,1073.1556,9.9687,30260,11.21,
4ffb80a0ad8b753fee1492101ffcbdbb-REGRandom-K4-L1-Seed5.cnf,sc2023-main,no_decisions,INDET,False,4608,825728,0,0,0,1,,9.99396,511160,11.92,
524848d379582b63060ed43d3729b9f3-satcoin-genesis-UNSAT-19500.cnf,sc2023-main,ok,INDET,False,134781,648661,31771,106026529,8710,37,3337.2109,9.98547,1507292,12.20,
52be8740aab896317320cd44a5d2af2f-intervals753.cnf,sc2023-main,ok,INDET,False,2572,61868,1414601,38224207,356094,845,27.0212,9.95234,113972,11.49,
53799aafcd0c684a2adc79400bd35f82-satcoin-genesis-UNSAT-5920.cnf,sc2023-main,ok,INDET,False,141429,646015,26492,101847398,7074,31,3844.4586,9.9797,1499260,12.11,
5437ba8972228ea5531a69a9aa064acc-satcoin-genesis-UNSAT-19800.cnf,sc2023-main,ok,INDET,False,134781,648661,29602,99338472,8282,34,3355.8027,9.97823,1505112,12.16,
54ab5a53d2fdfcda16ec74768b29f901-rphp_p30_r30.cnf,sc2023-main,ok,INDET,False,1800,26625,1433039,11865599,459497,1022,8.2800,9.93257,24400,11.26,
558113ad4d50130351db8c426230a50f-asconhashv12_opt64_H9_M2-wNfQskE8G_m1_6_U0.c.cnf,sc2023-main,ok,INDET,False,158758,372790,1000066,68931482,205041,510,68.9269,9.97095,634568,12.01,
558ce551d2b933b7a5f1c7d2a6044930-collections_namedtuple_15.cnf,sc2023-main,ok,INDET,False,945,22923,353356,18242488,237914,542,51.6264,9.96941,21852,11.19,
361290e60ab2a8ea9dccfcff65bf0778-satcoin-genesis-UNSAT-9880.cnf,sc2023-main,ok,INDET,False,141429,646015,26618,106922550,7200,31,4016.9265,9.99039,1494512,13.73,
571a2f223784fb92a53b4cc8cc8b569e-clqcolor-08-06-07.shuffled-as.sat05-1257.cnf,sc2023-main,ok,UNSAT,True,132,1527,1454772,14827199,1032794,2047,10.1921,3.35774,6344,4.31,
578b5e6a2f0b295168cb6c5420810a72-php18-mixed-35percent-blocked.cnf,sc2023-main,ok,INDET,False,526,10710,883851,25300303,540828,1121,28.6251,9.96652,28860,11.21,
578f9377bfbfcc6ea3a18eb630667956-ferry8_ks99i.renamed-as.sat05-4005.cnf,sc2023-main,ok,SAT,True,2547,32472,32827,1647342,11788,51,50.1825,0.116908,29588,1.22,
57c305967b30c503da1737258e6cc7e5-6s20-sc2013.cnf,sc2023-main,ok,INDET,False,58614,175092,623924,141305245,244161,571,226.4783,9.98429,861628,11.92,
587150fb7b12a6b5dd7e4a9446b9713b-iso-ukn004.shuffled-as.sat05-3385.cnf,sc2023-main,ok,SAT,True,1889,10295,655,14643,269,3,22.3557,0.021431,91676,1.32,
5918f1624d4dfd964227356786a4e9ec-ContextModel_output_8_4_9.bul.dimacs.cnf,sc2023-main,ok,INDET,False,41328,275773,674150,72232212,176049,485,107.1456,9.97671,374452,11.85,
5a72cb588bcda7b1b54a1eac6b19ab2e-hash_table_find_safety_size_23.cnf,sc2023-main,no_decisions,INDET,False,14140522,56857195,0,1284740,0,1,,10.6798,100788904,28.12,
5b3d8a4465726adfcb58b9cdb1cc33f1-intervals222.cnf,sc2023-main,ok,INDET,False,2550,59683,1261473,34691159,341072,797,27.5005,9.96181,113636,11.47,
5dc5185101e1d439d14f0a04acfa9bfb-28_2.cnf,sc2023-main,ok,INDET,False,4608,15296,143032,113697589,125138,335,794.9102,9.99165,26200,11.11,
5f6861053fb4ed4fc0b997cd6b505ef4-tseitin_d3_n110000.cnf,sc2023-main,ok,INDET,False,165000,440000,19085007,59244608,125779,340,3.1042,9.96184,1380308,12.19,
62c763bdf8d351b15df3a4d62a03eba0-g2-ak128astepbg2asisc.cnf,sc2023-main,ok,INDET,False,260359,845071,1139672,181112750,144889,382,158.9166,9.97294,1854516,12.23,
63159b6b10c3d6832bd5944e05d78b11-SCPC-700-80.cnf,sc2023-main,ok,INDET,False,700,27256,250393,5277554,102568,255,21.0771,9.97535,223380,11.64,
644fd765d26bd4a380922ccd0f594c58-mchess18-mixed-25percent-blocked.cnf,sc2023-main,ok,INDET,False,26095,1223,5389881,66559041,2976590,5134,12.3489,9.98633,4076,11.35,
6549f23728c52d5319f30371ff709622-hash_table_find_safety_size_27.cnf,sc2023-main,parse_error,rc1,False,,,,,,,,,130095704,29.00,
65b1e2253626af4a72b954f8186a5880-hash_table_find_safety_size_10.cnf,sc2023-main,ok,INDET,False,4722359,18734004,267694,44330045,1898,13,165.5997,9.84024,35046212,16.85,
670a24d73dbadd3073e9604c6ef903d1-tseitin_grid_n260_m260.cnf,sc2023-main,ok,INDET,False,134680,536648,79148290,177171828,180818,506,2.2385,9.98293,1005796,12.03,
67904554c73addf89fe675bd8e494641-intervals327.cnf,sc2023-main,ok,INDET,False,2604,64330,1299578,38439512,332500,766,29.5785,9.92837,117468,11.51,
67a5b7ccde980b37576b993c79e176b0-hash_table_find_safety_size_22.cnf,sc2023-main,no_decisions,INDET,False,13246826,53229976,0,1215204,0,1,,11.008,96067556,25.36,
685d37e93ba26197925353e58026ae10-hash_table_find_safety_size_12.cnf,sc2023-main,no_decisions,INDET,False,5861110,23325682,0,613331,0,1,,10.0428,43155420,17.72,
68649ac2830edad5d0dc7e3d13935132-SCPC-800-46.cnf,sc2023-main,ok,INDET,False,800,33758,250947,5364598,93856,255,21.3774,9.97816,170272,11.60,
6aacae96461cb65176942b6dc88ea470-mchess20-mixed-25percent-blocked.cnf,sc2023-main,ok,INDET,False,39805,1513,5300010,64673123,2830899,4987,12.2025,9.98863,4224,10.97,
6b2ccabf0304af478a558b8a333ced32-grs-192-256.cnf,sc2023-main,ok,INDET,False,1436378,4169962,359486,97226350,11916,52,270.4594,9.92988,7532984,13.15,
6bb485770dbc3943ea84933a03131958-satcoin-genesis-UNSAT-18600.cnf,sc2023-main,ok,INDET,False,134781,648661,31786,106669219,8726,37,3355.8554,9.99507,1511304,12.09,
6d67f76f114db9801952ed155e745e16-23_2.cnf,sc2023-main,ok,INDET,False,3808,12576,193108,98785853,166083,445,511.5575,9.98016,22480,11.12,
6dca14e1af1795565d1e502ddc7d376b-hash_table_find_safety_size_15.cnf,sc2023-main,no_decisions,INDET,False,7780787,31081601,0,776098,0,1,,10.1903,57676520,19.75,
6e31e88a5dadaa3876eb5ff4293134c2-hash_table_find_safety_size_21.cnf,sc2023-main,no_decisions,INDET,False,12381374,49718653,0,1147365,0,1,,11.0789,89959164,24.67,
6e5efd19744842d1fa5415173bffbf6b-tseitin_d3_n180000.cnf,sc2023-main,ok,INDET,False,270000,720000,18683387,52395579,66670,205,2.8044,9.95983,2314492,12.38,
6e9cae5108bd423666c73aaace197769-brent_51_0.28.cnf,sc2023-main,ok,INDET,False,60534,137666,1437978,101965685,439436,1022,70.9091,9.95971,601508,11.90,
705f6075b27775e03daf6e8d781cb953-shift1add.28943.cnf,sc2023-main,ok,UNSAT,True,636737,1128757,19391801,75290099,35881,126,3.8826,5.8857,2100964,8.26,
70af2c3bfd44bcf9baa2a9605f4a17fe-gensys-icl002.shuffled-as.sat05-2714.cnf,sc2023-main,ok,INDET,False,1444,7231,1677300,32700069,966098,2045,19.4957,9.99405,98972,11.47,
70ce0cff914efdc48f2a8fe86b5c68c6-TableModel_output_8_4_7.bul_.dimacs.cnf,sc2023-main,ok,INDET,False,12432,164976,2570505,46728364,277190,648,18.1787,9.96227,108216,104.23,
711ff7681711949f44b07a0d530dc729-asconhashv12_opt64_H12_M2-CxLJidFX21oI_m3_6_U2.c.cnf,sc2023-main,ok,INDET,False,158780,372687,875462,43477733,199023,510,49.6626,9.97686,640872,203.91,
71758ed7637888d4fd4593ec820677bc-SCPC-800-42.cnf,sc2023-main,ok,INDET,False,800,33552,262520,5661453,99702,255,21.5658,9.9773,156512,11.51,
71bca76153c6ee65b72a517fd658a42d-iso-brn100.shuffled-as.sat05-3025.cnf,sc2023-main,ok,SAT,True,3587,8859,750,15193,265,3,20.2573,0.017721,67464,1.32,
71cf538aa0751d27f144de9c8d82e458-TableModel_output_8_3_10.bul_.dimacs.cnf,sc2023-main,ok,INDET,False,10440,115620,2482531,48732733,331835,766,19.6303,9.9701,81516,11.31,
71dbf7ab78ef93c3d491c67752f03fd1-hwmcc10-timeframe-expansion-k45-nusmvguidancep9-tseitin.cnf,sc2023-main,ok,UNSAT,True,64138,181071,93176,4961946,12143,53,53.2535,0.500636,486992,2.35,
727cd7c528ac106f134cc882c9202108-15pipe_q0_k.cnf,sc2023-main,no_decisions,INDET,False,277976,10103923,0,17,0,1,,10.1172,6933780,14.34,
72b5ad031bf852634bc081f9da9a5a60-GzipFile_close_11.cnf,sc2023-main,ok,INDET,False,187,1348,1502235,22718832,1192560,2240,15.1234,9.98789,2520,199.63,
73063c6257a4ffc29f5bea7028403a64-mod2c-rand3bip-sat-250-2.shuffled-as.sat05-2534.cnf,sc2023-main,ok,INDET,False,354,2596,1545276,70185235,1220195,2302,45.4192,9.9966,17684,204.09,
74931e82fd208ed949fa44bccd80df6b-DivS_862_11.cnf.sanitized.cnf,sc2023-main,no_decisions,INDET,False,862,855716,0,0,0,1,,10.0466,12938112,13.31,
751402d0738e5622b599c651283cb48a-SCPC-800-43.cnf,sc2023-main,ok,INDET,False,800,33665,253389,5496750,97709,255,21.6929,9.97517,164376,11.47,
751afd7ddf8f242ed7bd93517ba82149-mchess20-mixed-45percent-blocked.cnf,sc2023-main,ok,INDET,False,39805,1585,5029073,66620430,2705281,4667,13.2471,9.98758,4548,10.92,
758f9ed67b4d2068c209157335e07266-or_randxor_k3_n640_m640.cnf,sc2023-main,ok,INDET,False,1280,8636,5066935,41801962,1808021,3521,8.2500,9.99038,23124,87.28,
78d23f235b63b1b7f08eb1b6cfb03f34-29_1.cnf,sc2023-main,ok,INDET,False,4768,15840,135296,116510812,119054,318,861.1549,9.98585,27332,11.10,
79391ed5a7f19b947cefe7af1178146a-21_1.cnf,sc2023-main,ok,INDET,False,3488,11488,215433,96246384,186245,509,446.7579,9.9888,20036,11.10,
79c109a8c1da53c6b636d3835f11a19d-grs-64-32.cnf,sc2023-main,ok,INDET,False,56794,166198,1157855,151918435,512955,1025,131.2068,9.97391,344972,11.69,
7aaf3275cbe217044ef305f0a1ca8eb5-CNFPlus_from_fp_12.cnf,sc2023-main,ok,INDET,False,348,4817,733559,22733412,556267,1150,30.9906,9.99237,7336,10.94,
7b4622a3ab523264378a560199de47ed-ER_400_20_4.apx_1_DC-ST.cnf,sc2023-main,ok,INDET,False,802,49551,232044,9144194,139524,381,39.4072,9.98174,98444,11.43,
7d58f2f0c79cbcad0496ced184ba0680-TableSymModel_output_6_3_8.bul_.dimacs.cnf,sc2023-main,ok,INDET,False,4680,35466,1519427,51231405,516266,1041,33.7176,9.96315,31884,11.15,
7dc81d3cb9066f8bc06ceffbca237572-TableModel_output_7_3_9.bul_.dimacs.cnf,sc2023-main,ok,INDET,False,7182,70119,2114636,51343615,376281,893,24.2801,9.97103,53676,11.32,
81d2158d506ea1049708837460b9387e-WS_400_24_70_10.apx_2_DC-AD.cnf,sc2023-main,ok,INDET,False,800,15200,417014,31941257,281869,668,76.5952,9.97973,32100,11.18,
824c21545e228872744675ae4ee32976-WCNFPlus_to_alien_14.cnf,sc2023-main,ok,INDET,False,518,7611,433258,14401612,307688,757,33.2403,9.97229,10208,10.95,
8252d67358381873e07bb637ad177b83-hash_table_find_safety_size_16.cnf,sc2023-main,no_decisions,INDET,False,8477049,33898352,0,833742,0,1,,10.2685,62492856,20.70,
8270ae50e6f2881136868db6d3a88eee-WS_400_24_90_10.apx_2_DC-AD.cnf,sc2023-main,ok,INDET,False,800,15200,412079,31147023,273447,638,75.5851,9.9738,32268,11.13,
828e1066a477e98e8d834528df3fc874-or_randxor_k3_n560_m560.cnf,sc2023-main,ok,INDET,False,1120,7559,5649851,43744357,1831469,3579,7.7426,9.99097,19852,11.15,
82fe0a5b2467d6e5299c315da8b16ec5-brent_51_0.07.cnf,sc2023-main,ok,INDET,False,60812,224931,1622440,124291911,428362,1021,76.6080,9.96676,584240,11.91,
835ac60ca83af6f334b64b61c4ad345b-tseitin_d3_n160.cnf,sc2023-main,ok,INDET,False,240,640,9048649,51917431,5432201,8451,5.7376,9.9861,2024,10.98,
83cf6bfa7945b54e8c4ac659d1a4359e-SC23_Timetable_C_473_E_52_Cl_32_D_6_T_50.cnf,sc2023-main,ok,INDET,False,246715,794881,13989723,106479963,168558,457,7.6113,9.97245,1341076,12.40,
8403d03df1ce64af3bf7581449d320fb-brent_63_0.26.cnf,sc2023-main,ok,INDET,False,74886,173314,1720859,102599469,436148,1022,59.6211,9.96551,764252,11.93,
85240babab8083e1b381e2971d875ab8-satcoin-genesis-UNSAT-17800.cnf,sc2023-main,ok,INDET,False,134781,648661,33299,108689910,9115,38,3264.0593,9.99713,1498700,104.76,
8751f8d1570611ba079dfd862b14c514-SC23_Timetable_C_473_E_49_Cl_32_D_6_T_50.cnf,sc2023-main,ok,INDET,False,250975,815307,10703949,92631036,171070,467,8.6539,9.97392,1401300,64.01,
87ec32f70c5e3a279e636f7f62e70a19-mchess22-mixed-45percent-blocked.cnf,sc2023-main,ok,INDET,False,58317,1927,4895980,63836566,2531154,4315,13.0386,9.98656,6128,10.92,
89120de895868a3fccd74f30f78a5448-grs-192-160.cnf,sc2023-main,ok,INDET,False,754446,2205450,458378,164006899,53816,165,357.7984,9.95033,4145264,234.15,
8a7a61a63a718e4dc5aba5426b31c063-satcoin-genesis-UNSAT-18400.cnf,sc2023-main,ok,INDET,False,134781,648661,31938,107690117,8799,37,3371.8491,9.98977,1504320,12.11,
8bcd3f3e269fa3c9516667b626d61602-TableSymModel_output_8_4_7.bul_.dimacs.cnf,sc2023-main,ok,INDET,False,12432,146848,2498397,55743691,344672,813,22.3118,9.95703,106420,43.41,
8c7477dc33a412514998a2fd6b32dbf5-intervals855.cnf,sc2023-main,ok,INDET,False,2630,64445,1016283,30932995,253083,589,30.4374,9.973,118960,11.47,
8cf6b81061285343c4f33c51afdb3fbb-minxor128.cnf,sc2023-main,ok,INDET,False,54258,160467,2856876,89862418,326173,766,31.4548,9.95316,275204,11.70,
8cfc8e99d31bcaf18ff3360b08c8521c-sat-bench-trig-taylor6.cnf,sc2023-main,ok,INDET,False,1560821,7024389,126183,117896928,27701,98,934.3329,9.95257,12261484,13.71,
8d31ec9edeac705ffd1b23f0cc4f3256-ContextModel_output_7_3_9.bul_.dimacs.cnf,sc2023-main,ok,INDET,False,13797,76333,509018,46281820,182624,507,90.9237,9.97123,106792,11.49,
8d458780fb74c28c01a5fe89990ad521-mchess16-mixed-45percent-blocked.cnf,sc2023-main,ok,INDET,False,16278,1010,5453385,73114975,3137936,5563,13.4073,9.98967,3504,10.93,
8db36208fc6ce43b4002cf048c549b3f-WS_400_32_90_10.apx_1_DC-AD.cnf,sc2023-main,ok,INDET,False,800,20000,360932,23753068,230732,511,65.8104,9.98038,41256,11.39,
8e30bfdb721ca0a20031c79a76f9aa7c-satcoin-genesis-UNSAT-18800.cnf,sc2023-main,ok,INDET,False,134781,648661,30211,104750733,8521,35,3467.3044,9.99608,1510460,12.11,
8f7cd9fb4b8852fdf9a21c606724c71a-satcoin-genesis-UNSAT-12300.cnf,sc2023-main,ok,INDET,False,134781,648661,30211,104750733,8521,35,3467.3044,9.99074,1508564,12.12,
8fa526d20599ca8c3d613e9066d62e61-sat-bench-trig-taylor2.cnf,sc2023-main,ok,INDET,False,618847,2696329,156329,189136224,39948,127,1209.8601,9.98376,4740644,12.68,
8fcc57f6c75cb2ac48d19e3038ad3c6c-asconhashv12_opt64_H6_M2-4XKSMr_m1_3_U25.c.cnf,sc2023-main,ok,INDET,False,127069,296657,806432,65725234,181185,507,81.5013,9.98171,499988,11.84,
909f704d5f4127c1197a086705468624-rbsat-v760c43649gyes10.cnf,sc2023-main,ok,SAT,True,760,43649,154576,9831050,102120,255,63.6001,2.72337,72376,4.10,
911cbc796d15eb316d36c82c90fd7d11-c499_gr_2pin_w6.shuffled.cnf,sc2023-main,ok,SAT,True,2070,22470,107111,693299,6910,31,6.4727,0.093394,209112,1.58,
91b88d172a08e2a57c189bddff51bfd5-22_1.cnf,sc2023-main,ok,INDET,False,3648,12032,203628,96553631,174855,478,474.1668,9.98715,21012,11.12,
92387c29e87aa857e84feb301f3d6aff-rbsat-v760c43649gyes5.cnf,sc2023-main,ok,SAT,True,760,43649,134184,7943296,86276,254,59.1970,2.38011,72416,3.69,
92c17c00d862668de6e6c45d4eecdc75-combined-crypto1-wff-seed-101-wffvars-500-cryptocplx-31-overlap-2.cnf,sc2023-main,ok,INDET,False,1545,17553,637295,34797749,501683,1023,54.6023,9.97953,45964,11.27,
92d6795785d35d1dcc42b15dc0e933d0-grid-pbl-0150.shuffled-as.sat05-1347.shuffled-as.sat05-1347.cnf,sc2023-main,no_decisions,UNSAT,True,22650,44850,0,4,0,0,,0.052532,432132,1.74,
93a87994c03a7752f85d863239555d48-PRP_30_35.cnf,sc2023-main,ok,INDET,False,163418,970492,7419638,147327115,385263,924,19.8564,9.98113,2834424,12.36,
945d67baeb7860df648ab6ef4782d5ed-stb_792_333.apx_1_DS-ST.cnf,sc2023-main,ok,INDET,False,1584,16869,370460,55522037,266925,637,149.8732,9.98029,43960,11.26,
953e9ff735bdf5ada27b0ab2b908b6af-WS_400_24_70_10.apx_1_DC-ST.cnf,sc2023-main,ok,INDET,False,800,15600,393954,30991326,274483,638,78.6674,9.98081,32616,11.13,
9631e4082abf03e560b889c5715d3979-PRP_30_41.cnf,sc2023-main,ok,INDET,False,191450,1139488,10836363,143539532,380583,908,13.2461,9.98138,3339416,12.70,
964162c1faee2c1e3a4dfa4f9c75c34f-php18-mixed-15percent-blocked.cnf,sc2023-main,ok,INDET,False,526,5477,781489,23481001,462468,1023,30.0465,9.96697,14428,11.10,
965ca988015c9aee5a1a7b2136c1fe5d-os_fwalk_12.cnf,sc2023-main,ok,INDET,False,288,3240,1013533,25827621,775111,1650,25.4828,9.98861,5320,10.94,
96ae6bde39369f75aa975b0f5b74c325-asconhashv12_opt64_H13_M2-NBRdIKEb8MS2W_m3_5.c.cnf,sc2023-main,ok,INDET,False,158736,372445,510962,105982750,83460,254,207.4181,9.992,637240,11.92,
96e01064ac3b644143278c21859e201f-brent_51_0.29.cnf,sc2023-main,ok,INDET,False,60512,133189,1535864,104043321,485073,1023,67.7425,9.95607,596060,11.91,
97a17306a2882e0fd1aa3981a267df0d-SC23_Timetable_C_473_E_46_Cl_32_D_6_T_50.cnf,sc2023-main,ok,INDET,False,249040,803432,4535423,93796132,244812,572,20.6808,9.96763,1378884,12.11,
9811b95bfd5888014d27e6dd384ff502-WS_500_16_90_70.apx_2_DC-ST.cnf,sc2023-main,ok,INDET,False,1000,13500,396965,46434794,289664,699,116.9745,9.98028,30660,11.13,
98c6da979a0a22d384d465a1da17111e-PRP_100_250.cnf,sc2023-main,no_decisions,INDET,False,3928456,23566950,0,87298,0,1,,10.5586,69075156,20.45,
99d134de6323a845a2828596a48bbb1d-php17-mixed-15percent-blocked.cnf,sc2023-main,ok,INDET,False,460,4494,865734,26737962,568403,1196,30.8847,9.98058,11732,11.08,
9a413c250f82a93d513d4092ba654ee2-asconhashv12_opt64_H4_M2-ldRf_m1_2_U21.c.cnf,sc2023-main,ok,INDET,False,127008,296562,949005,61714854,191759,509,65.0311,9.97781,495628,11.86,
9c7043290cee8127c3626d8067759267-stb_531_83.apx_2_DC-AD.cnf,sc2023-main,ok,INDET,False,1062,19412,442201,36511179,309964,763,82.5669,9.98822,46792,11.27,
9de6ddddf7fde06bf2efd955e2bd1a83-SCPC-700-84.cnf,sc2023-main,ok,INDET,False,700,27377,239450,5020228,99054,255,20.9657,9.97344,231272,11.64,
9e18c079efdc17ceade5c7a330b507d2-SC23_Timetable_C_474_E_50_Cl_32_D_6_T_50.cnf,sc2023-main,ok,INDET,False,250016,810461,12194745,107112831,185386,508,8.7835,9.97016,1376072,12.15,
9e7f2b92c6e46d03ddcafd798aa80cb6-hash_table_find_safety_size_17.cnf,sc2023-main,no_decisions,INDET,False,9201517,36830887,0,893096,0,1,,10.3702,67933404,21.34,
9f3ef12b5b68f92eb9265721ea73bb03-asconhashv12_opt64_H9_M2-Jdds95CIv_m1_5.c.cnf,sc2023-main,ok,INDET,False,158682,372495,959167,67568114,174524,476,70.4446,9.98043,629656,11.90,
9fe43145e48a0ef0096bb72531f1a0e3-16_1.cnf,sc2023-main,ok,INDET,False,2688,8768,403589,74114176,344041,812,183.6378,9.98779,15680,11.09,
a09a2d7397732447bdcc9651973767b7-TableSymModel_output_6_5_6.bul_.dimacs.cnf,sc2023-main,ok,INDET,False,9090,95935,1596584,90584978,424677,1021,56.7367,9.95547,66892,11.32,
a0c7aea176b5a2b65c27c8af7039326b-grs-160-64.cnf,sc2023-main,ok,INDET,False,224116,659680,776683,163481239,259030,612,210.4864,9.97366,1279036,12.10,
a1276d5dcb822aa03806df58fa9ca1c8-grs-128-32.cnf,sc2023-main,ok,INDET,False,94810,279158,1031838,175118631,435091,1021,169.7152,9.97989,556428,11.87,
a18b6fbdfee43c007e07dedf15477797-SCPC-700-86.cnf,sc2023-main,ok,INDET,False,700,27447,241450,5041688,95411,255,20.8809,9.97704,236008,11.64,
a292411f3f563a47c05a78f8295163dc-hash_table_find_safety_size_26.cnf,sc2023-main,parse_error,rc1,False,,,,,,,,,121062324,27.83,
a45b60e53917968f922b97c6f8aa8db3-unsat-set-b-fclqcolor-10-07-09.sat05-1282.reshuffled-07.cnf,sc2023-main,ok,INDET,False,205,4549,1464867,18517343,1200481,2271,12.6410,9.98875,18180,11.16,
a4941208671f6ebfd118e4e563538c31-SCPC-1000-20.cnf,sc2023-main,ok,INDET,False,1000,51095,257154,6078964,85293,254,23.6394,9.97541,128908,11.57,
a4b05fbc5be28207b704e1fae4b7c8a0-FileObject_open_12.cnf,sc2023-main,ok,INDET,False,228,1915,1554087,29858587,1197516,2265,19.2129,9.99516,3508,10.97,
a552a058e6376a36b1f1b2724f228364-IBM_FV_2004_rule_batch_1_31_1_SAT_dat.k40.debugged.cnf,sc2023-main,ok,INDET,False,52444,182140,639060,115039073,240539,554,180.0129,9.93934,320596,11.68,
a64f3c1afd7e0f6165efbe9fc2fc8003-pmg-12-UNSAT.sat05-3940.reshuffled-07.cnf,sc2023-main,ok,INDET,False,190,632,3430939,77001237,2943590,5118,22.4432,9.99206,3216,10.94,
a6d7268b35eec18656a85ad91b0413e9-php17-mixed-35percent-blocked.cnf,sc2023-main,ok,INDET,False,460,8655,978968,26507399,610404,1278,27.0769,9.97775,22872,11.12,
a7a9ca7e06b6b1e979950ea96183d07d-rook-47-0-1.cnf,sc2023-main,ok,INDET,False,108144,417258,1518380,211096532,149053,386,139.0275,9.97569,706072,11.90,
a7bbcc6535cca5a37f015f29090e8797-grs-48-256.cnf,sc2023-main,ok,INDET,False,898970,2560186,365458,120120596,28808,104,328.6851,9.94753,4452684,12.71,
a811388cc92def6ef2d639dc062d456c-ContextModel_output_6_3_8.bul_.dimacs.cnf,sc2023-main,ok,INDET,False,9000,45005,428692,49928848,204068,510,116.4679,9.96932,70044,11.51,
a83665715cf54e10f6d5382b97fd909c-PRP_100_400.cnf,sc2023-main,parse_error,rc1,False,,,,,,,,,111119252,23.55,
a8dc92a9c0434576b47c82c94ab5c446-Grain_no_init_ver1_out200_known_last105_0_u.cnf,sc2023-main,ok,INDET,False,2425,23034,470108,62152318,436528,1022,132.2086,9.9871,215020,11.65,
a8dcaf436bda091dad9ca1ff58de7287-asconhashv12_opt64_H10_M2-BPHqhzNzqi_m5_6_U14.c.cnf,sc2023-main,ok,INDET,False,158783,372829,367601,109666940,61952,190,298.3315,9.9965,626176,11.93,
a931fb0e1490883ee7719eab96ed558a-T87.2.0.cnf,sc2023-main,no_decisions,INDET,False,3165161,10917078,0,3480,0,1,,10.241,29586812,15.86,
a98d77ba9d3fbe8b7c55cbf75b2b43a8-TableModel_output_6_3_8.bul_.dimacs.cnf,sc2023-main,ok,INDET,False,4680,39564,1778504,53508085,494047,1023,30.0860,9.95556,31396,11.15,
a9d081cbb33e6051be2512f2a2269d65-hash_table_find_safety_size_20.cnf,sc2023-main,no_decisions,INDET,False,11544110,46323062,0,1081337,0,1,,10.9679,84326960,25.84,
aa0d6b8c63f57956b9aed350f38e0571-intervals244.cnf,sc2023-main,ok,INDET,False,2353,52268,1415939,25602011,292440,701,18.0813,9.94726,98632,11.50,
aa4a861240c0c39b5aa44602133ae5e1-stb_418_125.apx_2_DC-ST.cnf,sc2023-main,ok,INDET,False,836,17015,376566,28038595,263703,634,74.4586,9.98071,38460,11.14,
abe802007c9aed4eab2e758fb130174b-mp1-klieber2017s-1600-022-eq.cnf,sc2023-main,ok,INDET,False,9383,28080,311748,126577276,292099,701,406.0243,9.98751,76624,11.31,
accf33a84bdf211bebbd2111fb7f6b91-DivS_942_11.cnf.sanitized.cnf,sc2023-main,no_decisions,INDET,False,942,936584,0,0,0,1,,10.0329,14360256,13.69,
ad69e0a0880cd377e26260f7e4bc6d51-g2-T49.2.0.cnf,sc2023-main,no_decisions,INDET,False,4158552,14480272,0,286,0,1,,11.0214,38888848,18.58,
ae7e391be73431e5dddf2bbafe95758a-WS_400_24_70_10.apx_2_DC-ST.cnf,sc2023-main,ok,INDET,False,800,15600,375050,29649070,260615,620,79.0536,9.97794,32616,11.11,
ae9522ea003ea9f75891b2d37a5e264b-srhd-sgi-m37-q446.25-n35-p30-s33692332.cnf,sc2023-main,ok,INDET,False,1285,166723,299728,17542078,149726,396,58.5267,9.98058,149996,11.48,
ae9b7950ef1513068bb9339893ec8c50-WCNF_to_alien_14.cnf,sc2023-main,ok,INDET,False,448,5562,672682,18868859,481975,1023,28.0502,9.97279,7844,10.94,
af1e84bc2ab44d87d1c4c0cbf9e601c5-posixpath_expanduser_14.cnf,sc2023-main,ok,INDET,False,392,4116,883388,21393805,632006,1341,24.2179,9.99151,5884,10.96,
af3d5273605b21b9d4c56dd46cbf366a-SCPC-700-82.cnf,sc2023-main,ok,INDET,False,700,27275,241988,5034268,95061,255,20.8038,9.97785,224500,11.63,
af5838e83024d2dee3942be8d8e35fec-TableModel_output_8_4_8.bul_.dimacs.cnf,sc2023-main,ok,INDET,False,14208,190528,2576777,52447977,274113,638,20.3541,9.95915,108404,11.50,
b09585f2346c207e9e14a3daf0de46cf-CNF_to_alien_11.cnf,sc2023-main,ok,INDET,False,231,1880,1193989,24006539,965371,2045,20.1062,9.98923,3300,10.93,
b157aeb75aec9158fed9e16d7fd2da57-ContextModel_output_6_4_6.bul_.dimacs.cnf,sc2023-main,ok,INDET,False,15480,86661,450935,51248146,193536,510,113.6486,9.97529,109816,11.51,
b2145c28dbed385329ea73a06d9c519a-LZMAFile___init___14.cnf,sc2023-main,ok,INDET,False,462,6403,613200,18703206,425490,1021,30.5010,9.96875,9028,10.97,
b3840e295097a13e6697fff6be813eeb-php16-mixed-15percent-blocked.cnf,sc2023-main,ok,INDET,False,412,3654,1025395,29230418,656413,1405,28.5065,9.98592,9596,10.95,
b44611ea7852dd30215cc1cb09e1ab79-PRP_30_39.cnf,sc2023-main,ok,INDET,False,182106,1083336,10335389,147055813,379386,901,14.2284,9.98549,3165212,12.43,
b5b1803491a265b02d595c1fb62d5991-intervals802.cnf,sc2023-main,ok,INDET,False,2329,55647,2093782,25872427,348911,828,12.3568,9.95441,94044,11.36,
b5cede38496a803dcfa155a5f4295c47-SC23_Timetable_C_476_E_50_Cl_32_D_6_T_50.cnf,sc2023-main,ok,INDET,False,248438,803529,12701008,105499803,173677,476,8.3064,9.97311,1353084,12.12,
b6c44ccb3174b7f0a69185b11de86cfa-grs-128-64.cnf,sc2023-main,ok,INDET,False,190772,560192,765417,182429157,275847,641,238.3396,9.97309,1096120,12.08,
b6c6f1081dbb672e8294685d03326b09-intervals80.cnf,sc2023-main,ok,INDET,False,2496,56162,2078131,33864119,419638,1020,16.2955,9.94624,104404,11.49,
b86f2425cafeb1239d65bd529e372e02-ER_500_10_1.apx_1_DC-AD.cnf,sc2023-main,ok,INDET,False,1002,38763,284049,17589231,159198,431,61.9232,9.97809,82136,11.35,
bab57c8799cb05c8c1757c60d4ebdefd-satcoin-genesis-UNSAT-17400.cnf,sc2023-main,ok,INDET,False,134781,648661,31948,107771793,8808,37,3373.3502,9.9863,1505132,12.12,
bb8042839130ce5597c358c1955706ff-hash_table_find_safety_size_30.cnf,sc2023-main,parse_error,rc1,False,,,,,,,,,155285708,31.62,
bbf800109d039e117ed60593c185692c-ER_500_10_2.apx_1_DS-ST.cnf,sc2023-main,ok,INDET,False,1002,38697,225539,12191473,119746,318,54.0548,9.98074,81072,11.33,
bc3a8bd47c5575c2f1b31882d28ee091-26_1.cnf,sc2023-main,ok,INDET,False,4288,14208,159367,105877948,138112,381,664.3656,9.99113,24436,11.13,
bc7dc7a83b442a2bf4cf8cae3f0e0faa-hash_table_find_safety_size_18.cnf,sc2023-main,no_decisions,INDET,False,9954175,39879160,0,954147,0,1,,10.8602,73234908,22.17,
bca01a49805df3399a0438191019e417-SCPC-700-87.cnf,sc2023-main,ok,INDET,False,700,27454,238274,4816407,93756,255,20.2137,9.97531,236596,11.63,
bcd753d08904860fa93a794557185e04-SC23_Timetable_C_488_E_50_Cl_33_D_6_T_50.cnf,sc2023-main,ok,INDET,False,251975,812962,7461409,76984860,168543,456,10.3177,9.97924,1370456,12.12,
bd0b055b890a9ace598a0c4aba40de30-sat-bench-trig-bhaskara.cnf,sc2023-main,ok,INDET,False,618715,2602587,665426,138840364,186157,509,208.6488,9.95739,4759044,12.72,
bdc85226a8d910a8b7d6a8730c7a4572-PRP_40_40.cnf,sc2023-main,ok,INDET,False,249398,1484862,13741491,143145922,381600,910,10.4171,9.97615,4344336,12.56,
be5c82b97513a31e0b3bcc1c231018ad-asconhashv12_opt64_H15_M2-kwhXs2juqFoKAYA_m12_13_U16.c.cnf,sc2023-main,ok,INDET,False,138834,296566,837121,69404969,146984,382,82.9091,9.97882,493416,11.87,
c0069efa0c924e416878d9426f1ef92e-SCPC-900-29.cnf,sc2023-main,ok,INDET,False,900,41634,252033,5796936,89200,254,23.0007,9.97277,139420,11.47,
c115ebeec47bb82fa7f9850a632ec94a-brent_71_0.25.cnf,sc2023-main,ok,INDET,False,84462,202147,1870411,103805329,398133,962,55.4987,9.9629,740772,11.91,
c1324a6876269ee93890e266fe214557-SCPC-800-50.cnf,sc2023-main,ok,INDET,False,800,33848,254897,5566946,94601,255,21.8400,9.98012,176992,11.51,
c1b5c3d1016de7baeb0ddb3a2ab2d891-SCPC-900-27.cnf,sc2023-main,ok,INDET,False,900,41618,252217,5750544,87935,254,22.8000,9.97653,137700,11.47,
c32f194ad850c944142c74514dfb3c5f-WCNFPlus_from_fp_13.cnf,sc2023-main,ok,INDET,False,637,15090,307993,15718207,228580,511,51.0343,9.97514,17008,11.14,
c40838cb3ed9babe51dc41185e70a3dd-hash_table_find_safety_size_11.cnf,sc2023-main,ok,INDET,False,5277644,20971987,227950,15545179,216,3,68.1956,9.86161,38727736,17.31,
c7bf3517f47d583ae567de3db3708969-oisc-subrv-and-nested-14.cnf,sc2023-main,no_decisions,INDET,False,11241536,39006729,0,4,0,1,,12.2054,61135752,23.15,
c9af5b23c87350f5d817acc9ca7b69bb-CNF_to_alien_12.cnf,sc2023-main,ok,INDET,False,252,2049,1638721,32569705,1256427,2396,19.8751,9.98729,3568,10.95,
c9f7ca549a6773bea4628e2c66f597c6-brent_51_0.17.cnf,sc2023-main,ok,INDET,False,60676,176908,1541058,110288933,452906,1022,71.5670,9.96355,598624,11.93,
caead0e04b6de4365822b25dfd55967f-preimage_80r_490m_160h_seed_150.cnf,sc2023-main,ok,INDET,False,56108,207941,91409,140318424,32663,123,1535.0614,9.98873,385240,11.71,
cbd0933002d6c4ea99ceb47bb0c3f4c9-em_11_3_4_cmp.cnf,sc2023-main,ok,INDET,False,8713,99699,10865521,85251842,105503,270,7.8461,9.98414,181564,11.48,
cd118ff851f95661b2a3adfc3e393c74-Schur_160_5_d34.cnf,sc2023-main,ok,INDET,False,756,27689,424221,16502375,292712,701,38.9004,9.97485,27308,11.13,
cd58fa8eba4046fd0a86642e1fe26cb9-intervals803.cnf,sc2023-main,ok,INDET,False,2501,58453,1722358,23383483,314749,765,13.5764,9.94867,102252,11.48,
cd86fbfd8b7e0d66ec5fe8fe85c014d3-mchess22-mixed-35percent-blocked.cnf,sc2023-main,ok,INDET,False,58317,1883,4757258,61007212,2486230,4188,12.8240,9.98588,5892,10.94,
cdd131110acc861a5a01fae6c4936c91-6g_6color_366_050_04.cnf,sc2023-main,ok,INDET,False,77328,8485566,31556,21281362,13733,61,674.3999,9.96018,6451804,13.16,
ce49f590c98885f7ac95567f2b1e7dd5-CNP-5-1100.cnf,sc2023-main,ok,INDET,False,22585,163824,353229,97913687,214123,511,277.1961,9.97565,201476,11.51,
cea96962ebd736646af54d950943d909-SCPC-800-41.cnf,sc2023-main,ok,INDET,False,800,33540,252648,5689421,97368,255,22.5192,9.97688,151444,11.47,
cfc53adcc8ed18ca161bb6f8bc02b237-asconhashv12_opt64_H7_M2-gHvzZOd_m3_4_U11.c.cnf,sc2023-main,ok,INDET,False,127091,296682,847570,66506061,174312,476,78.4667,9.98123,491680,11.86,
d0364ea3e1680c6da7e982e6b0264af6-new-difficult-26-243-24-70.cnf,sc2023-main,ok,INDET,False,624,38944,235905,9018900,135594,378,38.2311,9.98118,33732,11.12,
d0fe6bf914469ca51675bac9078a2c0b-asconhashv12_opt64_H10_M2-pH7B6T6Vub_m6_7.c.cnf,sc2023-main,ok,INDET,False,158850,373087,777855,73961979,145653,382,95.0845,9.98034,629744,11.88,
d17aa530bbd09452b0f32daf4ab9c8f0-tph8.cnf,sc2023-main,ok,INDET,False,136,5457,2393629,40929742,1917632,3716,17.0995,9.98235,2820,10.96,
d1a62a8688c6c4fabd0dec3770ce40dd-qwh.40.560.shuffled-as.sat03-1654.cnf,sc2023-main,ok,INDET,False,3100,26345,692163,75844866,213077,511,109.5766,9.96892,122268,11.50,
d1f4348ad66cae01386777daae51c024-eqspctbk14spwtcl14.cnf,sc2023-main,ok,INDET,False,4699,14013,411200,100508525,281692,668,244.4273,9.98516,55744,11.31,
d3529338d35aa27e8024932d3b5f64b5-PRP_20_50.cnf,sc2023-main,ok,INDET,False,155138,926202,7252584,142300337,402397,983,19.6206,9.98489,2692964,12.35,
d3daba681653ea969bedf0c4a2fdb947-ER_400_20_7.apx_1_DC-ST.cnf,sc2023-main,ok,INDET,False,802,48438,226309,9120987,134783,375,40.3032,9.98482,96208,11.32,
d46c3fc9e953d4f84e8a18e52e29e7b7-PRP_100_350.cnf,sc2023-main,no_decisions,INDET,False,5508073,33063318,0,123630,0,1,,10.8093,97023524,24.43,
d5efaaee0197822c2676e45bac5068b2-SC23_Timetable_C_484_E_50_Cl_33_D_6_T_50.cnf,sc2023-main,ok,INDET,False,249943,804114,11625746,97419250,172809,475,8.3796,9.97041,1336516,12.14,
d60f56735dc8e89d7d91a01f4340df0c-baseballcover13with25_and3positions.cnf,sc2023-main,ok,INDET,False,3572612,7111986,104130,159007317,69952,220,1527.0077,9.92549,6042308,13.12,
d6402b482a5dc102a5b09360689e2be8-jkkk-one-one-11-32-unsat.cnf,sc2023-main,ok,INDET,False,6401,45326,401154,36801681,145033,382,91.7395,9.97711,73696,11.32,
d66ab8bce1b8979dbd26b3c220e817be-PRP_200_100.cnf,sc2023-main,no_decisions,INDET,False,3143157,18802856,0,69598,0,1,,10.4897,55528532,18.74,
d7f381cd99ca40ba3324c8cc03a54269-mchess16-mixed-25percent-blocked.cnf,sc2023-main,ok,INDET,False,16278,965,5534984,69717777,3221366,5692,12.5958,9.98888,3304,10.95,
d84a89fb1bc1ff37dc4737867257b290-SCPC-800-49.cnf,sc2023-main,ok,INDET,False,800,33881,250511,5385822,93078,255,21.4993,9.97449,178840,11.49,
d89718e39ff99638c2882b47988120cd-brent_63_0.1.cnf,sc2023-main,ok,INDET,False,75159,256064,1695140,108510801,369778,892,64.0129,9.95326,809864,12.09,
d89f0a7a08f9b60579b26b01e2196394-intervals467.cnf,sc2023-main,ok,INDET,False,2348,51401,2259013,32866625,403842,986,14.5491,9.94152,72232,11.37,
d8f131a86243ef138af39abf52a479e5-SC23_Timetable_C_481_E_51_Cl_32_D_6_T_50.cnf,sc2023-main,ok,INDET,False,249051,802440,11715970,96821716,179211,499,8.2641,9.97193,1320564,12.08,
d8fa4265b93d0931ba6484e3cc0d7ab1-brent_13_0.1.cnf,sc2023-main,ok,INDET,False,15224,56739,1100880,115111113,625415,1323,104.5628,9.97996,149848,11.48,
da43a3ef0ef5d34143e765d480dedc7a-DivU_624_11.cnf.sanitized.cnf,sc2023-main,no_decisions,INDET,False,624,612150,0,0,0,1,,10.0252,8796780,12.86,
db4a0d4ba26c46d66ad6cdcb0645a4d9-WS_500_16_70_10.apx_2_DC-ST.cnf,sc2023-main,ok,INDET,False,1000,13500,407426,47277329,292989,701,116.0391,9.98612,30184,11.23,
dbe18c99e95ac42816b99b96d36a8732-grs-32-256.cnf,sc2023-main,ok,INDET,False,839258,2381322,335417,114936650,30660,112,342.6679,9.95116,4110076,12.66,
dd169198070f9aa35015de65e8209a05-LZMAFile_write_12.cnf,sc2023-main,ok,INDET,False,192,1252,2162725,33348838,1664669,3157,15.4198,9.99443,2496,10.94,
dd6ef995af0267ce71076250a1226801-intervals313.cnf,sc2023-main,ok,INDET,False,2354,49818,1385151,47694828,468965,1023,34.4329,9.9626,94392,11.34,
ddd3b43476c18cf483aac233d4dc1c68-PRP_20_40.cnf,sc2023-main,ok,INDET,False,123918,738682,5697821,139509896,420917,1020,24.4848,9.97838,2170912,12.25,
deef4e5f8bf88393cea9589dff97d70c-ContextModel_output_8_4_8.bul_.dimacs.cnf,sc2023-main,ok,INDET,False,36736,243458,645953,66428012,175594,482,102.8372,9.97669,297388,11.70,
df237594dc22b8f7cad2c4b38a23e40c-17_0.cnf,sc2023-main,ok,INDET,False,2848,9312,272797,86418033,243287,566,316.7851,9.98537,16560,11.19,
e444548857eaf649c4624e3494c89c8e-asconhashv12_opt64_H8_M2-bL4cM6NJ_m4_5_U14.c.cnf,sc2023-main,ok,INDET,False,158617,372550,881178,54401940,184637,508,61.7377,9.97814,615992,11.87,
e46bdd62b3789b64f7fbb3bd6c99484e-intervals727.cnf,sc2023-main,ok,INDET,False,2518,55499,2870698,38736542,421618,1020,13.4938,9.95343,93576,11.35,
e51a98d78f61103e0672579e87cfd7e5-satcoin-genesis-UNSAT-11400.cnf,sc2023-main,ok,INDET,False,134781,648661,33237,108155879,9074,38,3254.0807,9.99164,1509180,12.11,
e5a72ac8f4880702a4deacc7854318e8-hash_table_find_safety_size_19.cnf,sc2023-main,no_decisions,INDET,False,10735052,43043255,0,1016895,0,1,,10.6145,78001888,22.82,
e6d247292b525447a220323901842e4c-or_randxor_k3_n540_m540.cnf,sc2023-main,ok,INDET,False,1080,7287,5192819,42496039,1797964,3497,8.1836,9.98944,19064,11.22,
e966bddd11e46b735f8520f8304e368e-SC23_Timetable_C_483_E_50_Cl_33_D_6_T_50.cnf,sc2023-main,ok,INDET,False,249224,801522,10839877,91562943,167600,452,8.4469,9.95422,1326700,12.20,
ea5b47b3ffb3b8cb77a2cff83cc1ffba-PRP_100_500.cnf,sc2023-main,parse_error,rc1,False,,,,,,,,,139360544,26.30,
eaf2f0803dd2045f1b189ee834ef0c8f-rphp_p8_r250.cnf,sc2023-main,ok,INDET,False,4000,227133,38832468,45154256,61335,190,1.1628,9.97413,166148,11.62,
eca3692344e30ae83a49158b5baf3372-brent_65_0.1.cnf,sc2023-main,ok,INDET,False,77577,276874,1835010,117553011,391764,954,64.0612,9.95558,802584,11.90,
ed76b075cdf07435c6e4f6203dd10cb7-SCPC-700-88.cnf,sc2023-main,ok,INDET,False,700,27527,244266,4837083,95130,255,19.8025,9.97789,241792,11.66,
eec821f866557886a5b0352332943fa2-SCPC-700-81.cnf,sc2023-main,ok,INDET,False,700,27278,244463,4950568,97134,255,20.2508,9.97976,224816,11.64,
eecdcc36d35f06224cc972cbb08de804-SCPC-1000-18.cnf,sc2023-main,ok,INDET,False,1000,51003,260186,6043239,87469,254,23.2266,9.97465,121448,11.51,
f02379d63678798e38dcc52b043cc51d-asconhashv12_opt64_H13_M2-axxJh7DAq767y_m4_5.c.cnf,sc2023-main,ok,INDET,False,158745,372495,980160,67830334,203728,510,69.2033,9.97569,628244,11.92,
f0895a5904fb97278b7b54733ee1dabb-brent_63_0.22.cnf,sc2023-main,ok,INDET,False,74982,201500,1764949,114360049,423112,1021,64.7951,9.96526,756636,11.97,
f08b3567642ea029452fff2c1d10c132-brent_15_0.25.cnf,sc2023-main,ok,INDET,False,17565,49918,840396,98812497,509114,1023,117.5785,9.97621,176380,11.49,
f090d0d6eaff3b92c817f5db6fa47544-intervals718.cnf,sc2023-main,ok,INDET,False,2867,71029,1365444,35201531,407393,998,25.7803,9.95068,96336,11.33,
f20c2aa0f9cced05a74031e0a3afaa1a-SC23_Timetable_C_473_E_50_Cl_32_D_6_T_50.cnf,sc2023-main,ok,INDET,False,250094,811693,9515275,90436215,180437,506,9.5043,9.96531,1385900,12.12,
f26f199564d6ffac7e700c2e66470ec0-TableSymModel_output_6_4_6.bul_.dimacs.cnf,sc2023-main,ok,INDET,False,5976,52664,1748187,71653686,489072,1023,40.9874,9.9598,43488,11.30,
f35ed23733431177436a1e7797c07dfe-SCPC-900-31.cnf,sc2023-main,ok,INDET,False,900,41714,250032,5632205,85675,254,22.5259,9.97701,144892,11.45,
f4064d73fd6e69caf154046e61fea7b8-cliquecoloring_n18_k7_c6.cnf,sc2023-main,ok,INDET,False,387,9088,7128004,50116143,2362962,4095,7.0309,9.98479,8812,10.98,
f448874997bae64bd455fb00309dc738-asconhashv12_opt64_H7_M2-OrF8zEw_m2_4.c.cnf,sc2023-main,ok,INDET,False,127096,296703,510968,104342821,97560,255,204.2062,9.9882,502000,12.01,
f55acea8f0d207becbbbd26a11d97841-grs-48-160.cnf,sc2023-main,ok,INDET,False,410624,1176432,473842,115618239,104413,267,244.0017,9.96181,2224992,12.34,
f57aba96bfed8f8a8b860eba1a8f1ea5-TableModel_output_6_4_6.bul_.dimacs.cnf,sc2023-main,ok,INDET,False,5976,60588,2263259,68464024,510213,1023,30.2502,9.95905,43396,11.31,
f88afbcd8b4c29a8c1b3518caa4e949c-cliquecoloring_n16_k7_c6.cnf,sc2023-main,ok,INDET,False,328,7199,5897447,49923948,2520937,4284,8.4653,9.99069,6956,10.95,
f959755d7c68ea8b64d900e589fbe21f-g2-slp-synthesis-aes-top29.cnf,sc2023-main,ok,INDET,False,94998,284752,428978,149306268,169156,460,348.0511,9.97956,697000,11.91,
fab0db1ab0dd5baa3215aab51ab69355-brent_63_0.2.cnf,sc2023-main,ok,INDET,False,75001,210297,1646139,108915759,374374,893,66.1644,9.95631,781632,11.90,
faeb113864d97ea4cb3f01f95d2fe92f-SCPC-800-44.cnf,sc2023-main,ok,INDET,False,800,33695,251935,5459636,94982,255,21.6708,9.9754,165616,11.48,
fb5d0254bc4b8d258eb84ea1dbcdda13-mchess22-mixed-25percent-blocked.cnf,sc2023-main,ok,INDET,False,58317,1839,5030387,61537085,2621224,4536,12.2331,9.98962,5692,10.99,
fd1fbc1b090c14746a883b3a17259743-9vliw_bp_mc.shuffled.cnf,sc2023-main,ok,UNSAT,True,20093,179481,1376416,46327309,192658,510,33.6579,4.0384,1099856,6.05,
fd2af7622798171f23a4b8d2616df55e-StreamReader_readline_13.cnf,sc2023-main,ok,INDET,False,299,3182,842653,18418065,628561,1337,21.8572,9.99325,4812,10.98,
fdc5aa7c150fd1c49ad3b50433277528-PRP_100_300.cnf,sc2023-main,no_decisions,INDET,False,4715655,28295344,0,104798,0,1,,10.7061,83174648,21.60,
fdfcd52a21824b7181d66672f283ba04-instance_n6_i6_pp_ci_ce.cnf,sc2023-main,ok,SAT,True,7278,63935,46189,3752343,14892,62,81.2389,0.289819,190532,1.78,
fe19a31b76cbba5901e16ce36c7578ed-C208_FA_UT_3254.cnf,sc2023-main,no_decisions,UNSAT,True,1805,6135,0,1219,0,0,,0.015335,11844,1.10,
fe8b1ef742724947620a419d0180a640-mchess18-mixed-35percent-blocked.cnf,sc2023-main,ok,INDET,False,26095,1252,5311704,68713232,2941388,5118,12.9362,9.99285,4208,10.95,
fee70cede2b5b55bfbdb6e48fbe7ce4f-DLTM_twitter690_74_16.cnf,sc2023-main,ok,INDET,False,34886,217178,146636,253881888,79875,252,1731.3749,9.98728,375988,11.69,
ff5170c690129f8c94658e82b6aab05c-Urquhart-s5-b4.shuffled.cnf,sc2023-main,ok,INDET,False,114,888,8878559,39053823,5468895,8572,4.3987,9.98171,6508,10.94,
ff867fd35aa52058382a8b0c21cd1f38-mchess20-mixed-35percent-blocked.cnf,sc2023-main,ok,INDET,False,39805,1549,5030117,64865773,2739878,4751,12.8955,9.99473,4400,10.95,
